,id,lat,lon,PLZ,north-south tilt,tilt align loss,tilt align percent,z_score
0,50.204347/9.876719,50.204347,9.876719,nan,3.3,0.12,12.19,0.47815005237327657
98,50.204347/10.022888,50.204347,10.022888,97688,-4.33,0.1,10.49,0.015403615314472761
196,50.204347/10.169056,50.204347,10.169056,97720,9.14,0.08,7.52,-0.7930416306059085
294,50.204347/10.315224,50.204347,10.315224,97711,1.03,0.13,12.69,0.6142519456258659
392,50.204347/10.461393,50.204347,10.461393,97631,3.71,0.13,12.89,0.668692702926902
490,50.204347/10.607561,50.204347,10.607561,96126,1.44,0.12,12.44,0.5462009989995712
588,50.204347/10.753729,50.204347,10.753729,96126,-4.33,0.1,10.23,-0.05536936917687367
686,50.204347/10.899898,50.204347,10.899898,96269,2.06,0.12,12.12,0.45909578731791395
784,50.204347/11.046066,50.204347,11.046066,96215,-4.54,0.12,11.69,0.34204815912068715
882,50.204347/11.192234,50.204347,11.192234,96277,6.41,0.1,10.23,-0.05536936917687367
980,50.204347/11.338403,50.204347,11.338403,96369,-1.65,0.12,12.2,0.4808720902383283
1078,50.204347/11.484571,50.204347,11.484571,95355,7.04,0.1,9.89,-0.14791865658863443
1176,50.204347/11.630739,50.204347,11.630739,95356,13.2,0.06,6.24,-1.1414624773325373
1274,50.204347/11.776908,50.204347,11.776908,95213,1.03,0.13,13.1,0.7258554980929893
1372,50.204347/11.923076,50.204347,11.923076,95126,-1.24,0.12,12.3,0.5080924688888465
1470,50.204347/12.069244,50.204347,12.069244,95173,-8.29,0.06,6.36,-1.1087980229519157
1568,50.280396/9.876719,50.280396,9.876719,97779,-2.89,0.12,12.23,0.48903820383348395
1666,50.280396/10.022888,50.280396,10.022888,97708,-2.06,0.13,12.52,0.5679773019199855
1764,50.280396/10.169056,50.280396,10.169056,97724,-2.06,0.13,12.59,0.5870315669753482
1862,50.280396/10.315224,50.280396,10.315224,97702,4.33,0.11,11.14,0.19233607654283907
1960,50.280396/10.461393,50.280396,10.461393,97631,0.82,0.13,12.62,0.5951976805705034
2058,50.280396/10.607561,50.280396,10.607561,98663,2.27,0.12,12.22,0.48631616596843225
2156,50.280396/10.753729,50.280396,10.753729,98663,13.2,0.06,5.76,-1.2721202948550232
2254,50.280396/10.899898,50.280396,10.899898,96479,-12.98,0.0,0.32,-2.7529088934431956
2352,50.280396/11.046066,50.280396,11.046066,96472,1.03,0.12,12.49,0.5598111883248303
2450,50.280396/11.192234,50.280396,11.192234,96268,1.44,0.13,12.87,0.6632486271967981
2548,50.280396/11.338403,50.280396,11.338403,96317,-0.21,0.13,13.04,0.7095232709026784
2646,50.280396/11.484571,50.280396,11.484571,96346,-12.12,0.04,4.18,-1.7022022775332057
2744,50.280396/11.630739,50.280396,11.630739,95131,26.36,0.02,1.74,-2.366379516605842
2842,50.280396/11.776908,50.280396,11.776908,95197,0.0,0.13,13.0,0.6986351194424715
2940,50.280396/11.923076,50.280396,11.923076,95032,-0.62,0.13,13.11,0.7285775359580411
3038,50.280396/12.069244,50.280396,12.069244,95111,2.68,0.12,11.66,0.33388204552553197
3136,50.280396/12.215413,50.280396,12.215413,08645,-12.77,0.04,3.56,-1.8709686251664164
3234,50.280396/12.361581,50.280396,12.361581,08258,2.06,0.12,12.23,0.48903820383348395
3332,50.356445/9.876719,50.356445,9.876719,97772,19.21,0.05,4.92,-1.5007714755193733
3430,50.356445/10.022888,50.356445,10.022888,97657,-4.54,0.12,11.68,0.33932612125563544
3528,50.356445/10.169056,50.356445,10.169056,97616,0.62,0.13,13.36,0.7966284825843357
3626,50.356445/10.315224,50.356445,10.315224,97618,3.09,0.12,12.39,0.5325908096743126
3724,50.356445/10.461393,50.356445,10.461393,97633,-5.16,0.09,8.87,-0.42556651882391716
3822,50.356445/10.607561,50.356445,10.607561,98630,-0.21,0.13,13.27,0.7721301417988696
3920,50.356445/10.753729,50.356445,10.753729,96476,3.3,0.12,11.59,0.31482778047016935
4018,50.356445/10.899898,50.356445,10.899898,96484,2.89,0.12,12.11,0.45637374945286224
4116,50.356445/11.046066,50.356445,11.046066,96528,0.62,0.13,13.14,0.7367436495531967
4214,50.356445/11.192234,50.356445,11.192234,96515,30.74,0.01,1.02,-2.5623662428895706
4312,50.356445/11.338403,50.356445,11.338403,96332,5.58,0.11,11.37,0.25494294743902984
4410,50.356445/11.484571,50.356445,11.484571,96365,-27.88,-0.07,-6.79,-4.6882778154950175
4508,50.356445/11.630739,50.356445,11.630739,95138,-4.33,0.1,10.23,-0.05536936917687367
4606,50.356445/11.776908,50.356445,11.776908,95180,-2.27,0.12,11.64,0.3284379697954285
4704,50.356445/11.923076,50.356445,11.923076,95183,6.62,0.09,9.43,-0.27313239838101694
4802,50.356445/12.069244,50.356445,12.069244,08606,-1.65,0.13,13.03,0.7068012330376268
4900,50.356445/12.215413,50.356445,12.215413,08626,-8.71,0.06,6.03,-1.1986252724986248
4998,50.356445/12.361581,50.356445,12.361581,08261,-5.79,0.08,8.37,-0.5616684120765066
5096,50.432495/9.876719,50.432495,9.876719,36129,21.29,0.04,4.17,-1.7049243153982574
5194,50.432495/10.022888,50.432495,10.022888,97653,6.83,0.09,8.9,-0.4174004052287615
5292,50.432495/10.169056,50.432495,10.169056,97645,7.45,0.09,8.97,-0.3983461401733989
5390,50.432495/10.315224,50.432495,10.315224,97638,-3.71,0.11,10.77,0.09162067553592265
5488,50.432495/10.461393,50.432495,10.461393,98631,0.82,0.13,13.11,0.7285775359580411
5586,50.432495/10.607561,50.432495,10.607561,98630,5.16,0.1,9.9,-0.1451966187235827
5684,50.432495/10.753729,50.432495,10.753729,98646,3.09,0.11,11.45,0.27671925035944417
5782,50.432495/10.899898,50.432495,10.899898,98673,0.82,0.13,12.94,0.6823028922521607
5880,50.432495/11.046066,50.432495,11.046066,96528,26.87,0.08,8.03,-0.6542176994882674
5978,50.432495/11.192234,50.432495,11.192234,96515,-14.95,0.04,3.85,-1.7920295270799147
6076,50.432495/11.338403,50.432495,11.338403,96361,8.5,0.11,11.1,0.1814479250826317
6174,50.432495/11.484571,50.432495,11.484571,07343,-11.48,0.02,1.67,-2.3854337816612046
6272,50.432495/11.630739,50.432495,11.630739,07356,-10.2,0.02,2.41,-2.184002979647372
6370,50.432495/11.776908,50.432495,11.776908,nan,0.82,0.13,13.09,0.7231334602279376
6468,50.432495/11.923076,50.432495,11.923076,08538,-1.03,0.13,12.73,0.6251400970860733
6566,50.432495/12.069244,50.432495,12.069244,08538,4.13,0.12,12.32,0.51353654461895
6664,50.432495/12.215413,50.432495,12.215413,08606,-6.2,0.09,9.36,-0.2921866634363795
6762,50.432495/12.361581,50.432495,12.361581,08223,0.0,0.13,13.0,0.6986351194424715
6860,50.432495/12.507749,50.432495,12.507749,08262,-5.58,0.11,11.14,0.19233607654283907
6958,50.432495/12.653918,50.432495,12.653918,08349,2.27,0.13,13.2,0.7530758767435071
7056,50.508544/10.022888,50.508544,10.022888,36115,-1.85,0.13,12.84,0.6550825136016428
7154,50.508544/10.169056,50.508544,10.169056,97650,17.62,0.08,8.36,-0.5643904499415583
7252,50.508544/10.315224,50.508544,10.315224,98617,0.21,0.14,13.55,0.8483472020203201
7350,50.508544/10.461393,50.508544,10.461393,98617,-5.79,0.11,11.08,0.17600384935252822
7448,50.508544/10.607561,50.508544,10.607561,98660,-2.06,0.11,11.35,0.24949887170892637
7546,50.508544/10.753729,50.508544,10.753729,98553,5.79,0.1,9.53,-0.24591201973049914
7644,50.508544/10.899898,50.508544,10.899898,98666,-1.03,0.13,12.8,0.644194362141436
7742,50.508544/11.046066,50.508544,11.046066,98746,2.47,0.13,12.67,0.6088078698957625
7840,50.508544/11.192234,50.508544,11.192234,nan,-0.82,0.13,13.08,0.7204114223628858
7938,50.508544/11.338403,50.508544,11.338403,96337,1.85,0.12,12.07,0.4454855979926553
8036,50.508544/11.484571,50.508544,11.484571,07349,-5.79,0.12,11.88,0.3937668785566715
8134,50.508544/11.630739,50.508544,11.630739,nan,-16.94,-0.03,-3.25,-3.7246764112666844
8232,50.508544/11.776908,50.508544,11.776908,07929,-5.79,0.09,8.95,-0.40379021590350284
8330,50.508544/12.069244,50.508544,12.069244,08525,-0.62,0.13,12.94,0.6823028922521607
8428,50.508544/12.215413,50.508544,12.215413,08541,1.65,0.13,12.85,0.6578045514666946
8526,50.508544/12.361581,50.508544,12.361581,08209,-1.03,0.13,12.98,0.6931910437123681
8624,50.508544/12.507749,50.508544,12.507749,08304,-11.26,0.02,1.86,-2.3337150622252207
8722,50.508544/12.653918,50.508544,12.653918,08309,14.95,0.05,5.02,-1.4735510968688554
8820,50.584593/9.876719,50.584593,9.876719,36145,1.65,0.13,12.75,0.6305841728161768
8918,50.584593/10.022888,50.584593,10.022888,36115,-8.5,0.06,6.2,-1.1523506287927443
9016,50.584593/10.169056,50.584593,10.169056,nan,-1.24,0.13,12.71,0.6196960213559699
9114,50.584593/10.315224,50.584593,10.315224,98617,-2.27,0.13,12.69,0.6142519456258659
9212,50.584593/10.461393,50.584593,10.461393,98617,-11.9,0.01,0.87,-2.603196810865348
9310,50.584593/10.607561,50.584593,10.607561,98529,9.14,0.08,8.43,-0.5453361848861957
9408,50.584593/10.753729,50.584593,10.753729,98553,-13.63,0.04,3.64,-1.849192322246002
9506,50.584593/10.899898,50.584593,10.899898,98667,1.03,0.14,13.56,0.8510692398853718
9604,50.584593/11.046066,50.584593,11.046066,98701,-1.65,0.13,13.13,0.734021611688145
9702,50.584593/11.192234,50.584593,11.192234,98744,-18.07,-0.05,-5.17,-4.247307681356627
9800,50.584593/11.338403,50.584593,11.338403,07318,15.39,0.05,5.38,-1.375557733726991
9898,50.584593/11.484571,50.584593,11.484571,07338,3.92,0.13,12.63,0.5979197184355556
9996,50.584593/11.630739,50.584593,11.630739,07368,-11.9,0.04,4.26,-1.6804259746127914
10094,50.584593/11.776908,50.584593,11.776908,07907,1.03,0.13,13.04,0.7095232709026784
10192,50.584593/11.923076,50.584593,11.923076,07907,-6.83,0.09,8.9,-0.4174004052287615
10290,50.584593/12.069244,50.584593,12.069244,07937,-1.65,0.12,12.01,0.42915337080234445
10388,50.584593/12.215413,50.584593,12.215413,08543,-3.92,0.1,9.87,-0.15336273231873837
10486,50.584593/12.361581,50.584593,12.361581,08485,4.54,0.11,10.73,0.08073252407571574
10584,50.584593/12.507749,50.584593,12.507749,08107,-3.09,0.12,12.14,0.4645398630480179
10682,50.584593/12.653918,50.584593,12.653918,08289,9.35,0.07,7.39,-0.8284281228515817
10780,50.660643/9.876719,50.660643,9.876719,36167,9.35,0.07,7.39,-0.8284281228515817
10878,50.660643/10.022888,50.660643,10.022888,36142,4.13,0.12,11.72,0.3502142727158428
10976,50.660643/10.169056,50.660643,10.169056,36452,12.77,0.08,7.51,-0.7957636684709603
11074,50.660643/10.315224,50.660643,10.315224,98634,-0.82,0.13,13.08,0.7204114223628858
11172,50.660643/10.461393,50.660643,10.461393,98547,3.3,0.12,12.23,0.48903820383348395
11270,50.660643/10.607561,50.660643,10.607561,98544,6.62,0.11,11.1,0.1814479250826317
11368,50.660643/10.753729,50.660643,10.753729,98528,3.3,0.13,12.57,0.5815874912452447
11466,50.660643/10.899898,50.660643,10.899898,98693,1.03,0.14,13.68,0.883733694265993
11564,50.660643/11.046066,50.660643,11.046066,98694,-1.65,0.12,12.19,0.47815005237327657
11662,50.660643/11.192234,50.660643,11.192234,07427,-15.61,-0.02,-2.05,-3.3980318674604693
11760,50.660643/11.338403,50.660643,11.338403,07318,-3.5,0.1,10.2,-0.06353548277202935
11858,50.660643/11.484571,50.660643,11.484571,07333,0.0,0.13,13.0,0.6986351194424715
11956,50.660643/11.630739,50.660643,11.630739,07389,-2.47,0.12,11.52,0.2957735154148068
12054,50.660643/11.776908,50.660643,11.776908,07806,-4.33,0.1,10.48,0.012681577449421031
12152,50.660643/11.923076,50.660643,11.923076,07955,7.25,0.1,10.49,0.015403615314472761
12250,50.660643/12.069244,50.660643,12.069244,07957,-2.89,0.11,10.69,0.06984437261550833
12348,50.660643/12.215413,50.660643,12.215413,07973,9.56,0.07,7.26,-0.8638146150972549
12446,50.660643/12.361581,50.660643,12.361581,08496,-3.5,0.1,10.42,-0.0036506497408898323
12544,50.660643/12.653918,50.660643,12.653918,08118,5.16,0.1,10.42,-0.0036506497408898323
12642,50.736692/9.876719,50.736692,9.876719,36169,-9.56,0.06,5.97,-1.2149574996889356
12740,50.736692/10.022888,50.736692,10.022888,36419,-5.79,0.08,8.37,-0.5616684120765066
12838,50.736692/10.169056,50.736692,10.169056,36466,-2.47,0.12,12.38,0.5298687718092608
12936,50.736692/10.315224,50.736692,10.315224,98574,18.29,0.04,3.68,-1.838304170785795
13034,50.736692/10.461393,50.736692,10.461393,98574,7.45,0.11,10.7,0.07256641048056006
13132,50.736692/10.607561,50.736692,10.607561,99897,13.2,0.06,5.72,-1.2830084463152303
13230,50.736692/10.753729,50.736692,10.753729,99330,8.93,0.09,8.54,-0.5153937683706262
13328,50.736692/10.899898,50.736692,10.899898,99338,-10.62,0.05,4.9,-1.5062155512494768
13426,50.736692/11.046066,50.736692,11.046066,99326,-3.71,0.12,11.69,0.34204815912068715
13524,50.736692/11.192234,50.736692,11.192234,07426,-0.62,0.13,13.4,0.8075166340445431
13622,50.736692/11.338403,50.736692,11.338403,07407,37.13,0.0,0.34,-2.7474648177130923
13720,50.736692/11.484571,50.736692,11.484571,07407,-8.29,0.1,10.46,0.007237501719317571
13818,50.736692/11.630739,50.736692,11.630739,nan,19.44,0.04,3.66,-1.8437482465158985
13916,50.736692/11.776908,50.736692,11.776908,07819,-6.62,0.09,8.87,-0.42556651882391716
14014,50.736692/11.923076,50.736692,11.923076,07955,-2.47,0.12,11.72,0.3502142727158428
14112,50.736692/12.069244,50.736692,12.069244,07570,1.24,0.12,12.26,0.49720431742863913
14210,50.736692/12.215413,50.736692,12.215413,07987,-6.41,0.08,8.34,-0.5698345256716618
14308,50.736692/12.361581,50.736692,12.361581,08412,-8.93,0.06,5.86,-1.2448999162045051
14406,50.736692/12.507749,50.736692,12.507749,08066,-0.21,0.13,13.2,0.7530758767435071
14504,50.736692/12.653918,50.736692,12.653918,09350,-3.09,0.12,11.87,0.39104484069161927
14602,50.812741/9.876719,50.812741,9.876719,36277,-0.41,0.13,13.27,0.7721301417988696
14700,50.812741/10.022888,50.812741,10.022888,36404,-7.25,0.07,7.2,-0.8801468422875656
14798,50.812741/10.169056,50.812741,10.169056,36469,-2.68,0.11,11.19,0.20594626586809775
14896,50.812741/10.461393,50.812741,10.461393,98593,-2.47,0.13,12.69,0.6142519456258659
14994,50.812741/10.607561,50.812741,10.607561,99887,0.62,0.13,13.15,0.7394656874182485
15092,50.812741/10.753729,50.812741,10.753729,99885,20.59,0.03,3.32,-1.9362975339276594
15190,50.812741/10.899898,50.812741,10.899898,99310,8.08,0.09,8.96,-0.40106817803845063
15288,50.812741/11.046066,50.812741,11.046066,99310,-0.0,0.13,13.0,0.6986351194424715
15386,50.812741/11.192234,50.812741,11.192234,99448,7.87,0.08,8.28,-0.5861667528619726
15484,50.812741/11.338403,50.812741,11.338403,99444,-3.3,0.1,10.36,-0.019982876931200697
15582,50.812741/11.484571,50.812741,11.484571,07768,21.76,0.05,4.97,-1.4871612861941144
15680,50.812741/11.630739,50.812741,11.630739,07768,29.16,0.01,0.99,-2.5705323564847258
15778,50.812741/11.776908,50.812741,11.776908,07646,-24.15,-0.07,-7.32,-4.8325458223427615
15876,50.812741/11.923076,50.812741,11.923076,07589,1.44,0.13,12.83,0.6523604757365912
15974,50.812741/12.069244,50.812741,12.069244,07557,-10.83,0.02,2.25,-2.2275555854882008
16072,50.812741/12.215413,50.812741,12.215413,07580,-2.68,0.11,11.39,0.2603870231691338
16170,50.812741/12.361581,50.812741,12.361581,08451,6.41,0.09,9.15,-0.3493494586024668
16268,50.812741/12.507749,50.812741,12.507749,08393,-1.65,0.12,12.01,0.42915337080234445
16366,50.812741/12.653918,50.812741,12.653918,09337,-1.85,0.13,12.96,0.6877469679822646
16464,50.888791/9.876719,50.888791,9.876719,36289,-3.3,0.13,12.63,0.5979197184355556
16562,50.888791/10.022888,50.888791,10.022888,36266,-7.45,0.1,9.73,-0.19147126242946308
16660,50.888791/10.169056,50.888791,10.169056,99834,-10.2,0.09,9.16,-0.3466274207374151
16758,50.888791/10.315224,50.888791,10.315224,36433,16.5,0.08,8.33,-0.5725565635367135
16856,50.888791/10.461393,50.888791,10.461393,99880,-2.47,0.11,11.02,0.15967162216221736
16954,50.888791/10.607561,50.888791,10.607561,99894,0.82,0.13,13.28,0.7748521796639214
17052,50.888791/10.753729,50.888791,10.753729,99869,-1.44,0.12,12.2,0.4808720902383283
17150,50.888791/10.899898,50.888791,10.899898,99334,-2.89,0.12,11.61,0.3202718562002728
17248,50.888791/11.046066,50.888791,11.046066,99334,2.89,0.11,11.27,0.22772256878851205
17346,50.888791/11.192234,50.888791,11.192234,99438,1.03,0.12,12.38,0.5298687718092608
17444,50.888791/11.338403,50.888791,11.338403,99444,11.05,0.07,6.58,-1.0489131899207764
17542,50.888791/11.484571,50.888791,11.484571,99441,-2.68,0.11,10.86,0.11611901632138871
17640,50.888791/11.630739,50.888791,11.630739,07751,4.13,0.11,10.94,0.13789531924180304
17738,50.888791/11.776908,50.888791,11.776908,07646,-3.92,0.11,10.65,0.05895622115530141
17836,50.888791/11.923076,50.888791,11.923076,07586,3.09,0.11,11.45,0.27671925035944417
17934,50.888791/12.069244,50.888791,12.069244,07548,-1.65,0.12,11.68,0.33932612125563544
18032,50.888791/12.215413,50.888791,12.215413,04626,0.41,0.13,12.79,0.6414723242763838
18130,50.888791/12.361581,50.888791,12.361581,04626,-3.3,0.11,11.02,0.15967162216221736
18228,50.888791/12.507749,50.888791,12.507749,08393,2.47,0.12,12.03,0.4345974465324479
18326,50.888791/12.653918,50.888791,12.653918,09212,2.27,0.12,12.02,0.43187540866739615
18424,50.96484/9.876719,50.96484,9.876719,36179,7.45,0.09,9.29,-0.3112409284917421
18522,50.96484/10.022888,50.96484,10.022888,36208,-9.98,0.05,5.01,-1.4762731347339073
18620,50.96484/10.169056,50.96484,10.169056,99834,-5.99,0.08,8.21,-0.6052210179173347
18718,50.96484/10.315224,50.96484,10.315224,99817,18.75,0.05,5.33,-1.38916792305225
18816,50.96484/10.461393,50.96484,10.461393,99848,-11.26,0.05,4.79,-1.5361579677650465
18914,50.96484/10.607561,50.96484,10.607561,99880,-1.24,0.13,12.9,0.6714147407919537
19012,50.96484/10.753729,50.96484,10.753729,99867,-1.24,0.12,12.27,0.4999263552936909
19110,50.96484/10.899898,50.96484,10.899898,99092,1.65,0.12,12.18,0.4754280145082248
19208,50.96484/11.046066,50.96484,11.046066,99099,0.82,0.13,12.96,0.6877469679822646
19306,50.96484/11.192234,50.96484,11.192234,99428,-1.65,0.12,11.68,0.33932612125563544
19404,50.96484/11.338403,50.96484,11.338403,99425,0.62,0.13,13.15,0.7394656874182485
19502,50.96484/11.484571,50.96484,11.484571,99441,-0.41,0.13,13.27,0.7721301417988696
19600,50.96484/11.630739,50.96484,11.630739,07743,0.21,0.13,13.1,0.7258554980929893
19698,50.96484/11.776908,50.96484,11.776908,07616,-0.21,0.13,13.04,0.7095232709026784
19796,50.96484/11.923076,50.96484,11.923076,07607,7.04,0.11,10.72,0.078010486210664
19894,50.96484/12.069244,50.96484,12.069244,07554,-0.82,0.13,13.05,0.7122453087677306
19992,50.96484/12.215413,50.96484,12.215413,06712,3.3,0.12,11.75,0.358380386310998
20090,50.96484/12.361581,50.96484,12.361581,04603,-6.62,0.09,9.03,-0.3820139129830885
20188,50.96484/12.507749,50.96484,12.507749,04618,-1.85,0.12,11.89,0.3964889164217232
20286,50.96484/12.653918,50.96484,12.653918,09322,1.85,0.13,12.67,0.6088078698957625
20384,51.040889/9.876719,51.040889,9.876719,36219,-3.71,0.12,12.12,0.45909578731791395
20482,51.040889/10.022888,51.040889,10.022888,36205,-0.62,0.13,13.1,0.7258554980929893
20580,51.040889/10.169056,51.040889,10.169056,37293,2.27,0.12,12.47,0.5543671125947269
20678,51.040889/10.315224,51.040889,10.315224,99848,5.99,0.1,10.0,-0.11797624007306491
20776,51.040889/10.461393,51.040889,10.461393,99820,18.98,0.03,3.41,-1.9117991931421932
20874,51.040889/10.607561,51.040889,10.607561,99820,0.82,0.13,13.1,0.7258554980929893
20972,51.040889/10.753729,51.040889,10.753729,nan,2.89,0.11,11.27,0.22772256878851205
21070,51.040889/10.899898,51.040889,10.899898,99189,-2.06,0.11,11.35,0.24949887170892637
21168,51.040889/11.046066,51.040889,11.046066,99095,-0.41,0.13,12.99,0.6959130815774198
21266,51.040889/11.192234,51.040889,11.192234,99198,-1.24,0.13,13.06,0.7149673466327824
21364,51.040889/11.338403,51.040889,11.338403,99439,-1.85,0.12,11.52,0.2957735154148068
21462,51.040889/11.484571,51.040889,11.484571,99510,2.89,0.12,12.06,0.4427635601276036
21560,51.040889/11.630739,51.040889,11.630739,99518,0.21,0.13,13.38,0.8020725583144397
21658,51.040889/11.776908,51.040889,11.776908,07774,2.89,0.13,12.82,0.6496384378715394
21756,51.040889/11.923076,51.040889,11.923076,06721,0.41,0.13,12.75,0.6305841728161768
21854,51.040889/12.069244,51.040889,12.069244,06712,-1.85,0.13,12.83,0.6523604757365912
21952,51.040889/12.215413,51.040889,12.215413,06729,0.82,0.13,12.59,0.5870315669753482
22050,51.040889/12.361581,51.040889,12.361581,04610,7.04,0.09,8.78,-0.45006485960938325
22148,51.040889/12.507749,51.040889,12.507749,04654,-0.82,0.13,12.8,0.644194362141436
22246,51.040889/12.653918,51.040889,12.653918,04643,-4.13,0.11,10.54,0.02901380463973141
22344,51.116939/9.876719,51.116939,9.876719,37284,-7.25,0.11,10.77,0.09162067553592265
22442,51.116939/10.022888,51.116939,10.022888,37296,-17.39,-0.04,-3.65,-3.8335579258687558
22540,51.116939/10.169056,51.116939,10.169056,37299,1.65,0.12,12.01,0.42915337080234445
22638,51.116939/10.315224,51.116939,10.315224,99830,-7.66,0.07,7.29,-0.8556485015020995
22736,51.116939/10.461393,51.116939,10.461393,99991,-2.89,0.11,11.27,0.22772256878851205
22834,51.116939/10.607561,51.116939,10.607561,nan,1.24,0.12,12.26,0.49720431742863913
22932,51.116939/10.753729,51.116939,10.753729,nan,0.82,0.13,13.11,0.7285775359580411
23030,51.116939/10.899898,51.116939,10.899898,99189,-3.3,0.11,11.31,0.23861072024871946
23128,51.116939/11.046066,51.116939,11.046066,99195,0.41,0.13,13.26,0.769408103933818
23226,51.116939/11.192234,51.116939,11.192234,99610,-0.41,0.13,13.01,0.7013571573075232
23324,51.116939/11.338403,51.116939,11.338403,99439,-1.65,0.12,11.68,0.33932612125563544
23422,51.116939/11.484571,51.116939,11.484571,06648,2.27,0.12,11.93,0.4073770678819301
23520,51.116939/11.630739,51.116939,11.630739,06628,-0.21,0.13,13.11,0.7285775359580411
23618,51.116939/11.776908,51.116939,11.776908,06618,-1.24,0.12,12.26,0.49720431742863913
23716,51.116939/11.923076,51.116939,11.923076,06667,4.75,0.12,11.55,0.30393962900996246
23814,51.116939/12.069244,51.116939,12.069244,06682,-1.85,0.12,11.89,0.3964889164217232
23912,51.116939/12.215413,51.116939,12.215413,06729,-2.47,0.12,11.52,0.2957735154148068
24010,51.116939/12.361581,51.116939,12.361581,04613,2.68,0.13,12.81,0.6469164000064876
24108,51.116939/12.507749,51.116939,12.507749,04552,1.03,0.13,13.01,0.7013571573075232
24206,51.116939/12.653918,51.116939,12.653918,04651,2.89,0.11,11.27,0.22772256878851205
24304,51.192988/9.876719,51.192988,9.876719,nan,-5.99,0.1,10.4,-0.009094725470993293
24402,51.192988/10.022888,51.192988,10.022888,37269,-1.65,0.12,12.18,0.4754280145082248
24500,51.192988/10.169056,51.192988,10.169056,37281,9.77,0.09,8.67,-0.48000727612495275
24598,51.192988/10.315224,51.192988,10.315224,99988,5.16,0.11,10.77,0.09162067553592265
24696,51.192988/10.461393,51.192988,10.461393,99974,0.82,0.13,12.96,0.6877469679822646
24794,51.192988/10.607561,51.192988,10.607561,nan,-1.85,0.12,11.71,0.34749223485079106
24892,51.192988/10.899898,51.192988,10.899898,99634,0.41,0.14,13.62,0.8674014670756822
24990,51.192988/11.046066,51.192988,11.046066,99631,-0.82,0.13,12.8,0.644194362141436
25088,51.192988/11.192234,51.192988,11.192234,99625,-0.21,0.13,13.32,0.7857403311241288
25186,51.192988/11.338403,51.192988,11.338403,99636,-2.47,0.12,12.21,0.4835941281033805
25284,51.192988/11.484571,51.192988,11.484571,06647,-2.47,0.11,11.25,0.2222784930584086
25382,51.192988/11.630739,51.192988,11.630739,nan,-3.71,0.1,10.32,-0.030871028391407616
25480,51.192988/11.776908,51.192988,11.776908,06632,0.21,0.13,13.49,0.8320149748300092
25578,51.192988/11.923076,51.192988,11.923076,06667,1.24,0.12,12.26,0.49720431742863913
25676,51.192988/12.069244,51.192988,12.069244,06679,3.3,0.11,11.02,0.15967162216221736
25774,51.192988/12.215413,51.192988,12.215413,04523,-1.03,0.13,12.69,0.6142519456258659
25872,51.192988/12.361581,51.192988,12.361581,04564,4.75,0.1,10.15,-0.077145672097288
25970,51.192988/12.507749,51.192988,12.507749,04571,-0.82,0.13,13.16,0.7421877252833001
26068,51.192988/12.653918,51.192988,12.653918,04668,0.62,0.13,13.18,0.7476318010134037
26166,51.269037/9.876719,51.269037,9.876719,37247,25.62,0.02,2.02,-2.290162456384392
26264,51.269037/10.022888,51.269037,10.022888,37318,-7.04,0.11,10.97,0.14606143283695872
26362,51.269037/10.169056,51.269037,10.169056,37308,1.03,0.12,12.49,0.5598111883248303
26460,51.269037/10.315224,51.269037,10.315224,99976,2.06,0.12,12.26,0.49720431742863913
26558,51.269037/10.461393,51.269037,10.461393,99974,4.75,0.1,10.15,-0.077145672097288
26656,51.269037/10.607561,51.269037,10.607561,99994,3.71,0.11,11.16,0.19778015227294254
26754,51.269037/10.753729,51.269037,10.753729,nan,2.47,0.12,11.52,0.2957735154148068
26852,51.269037/10.899898,51.269037,10.899898,99718,-1.24,0.13,12.6,0.5897536048403998
26950,51.269037/11.046066,51.269037,11.046066,06578,3.09,0.12,11.7,0.34477019698573885
27048,51.269037/11.192234,51.269037,11.192234,06577,-0.41,0.13,12.8,0.644194362141436
27146,51.269037/11.338403,51.269037,11.338403,99625,14.95,0.05,5.02,-1.4735510968688554
27244,51.269037/11.484571,51.269037,11.484571,06642,-0.41,0.13,12.8,0.644194362141436
27342,51.269037/11.630739,51.269037,11.630739,06638,-2.27,0.12,11.64,0.3284379697954285
27440,51.269037/11.776908,51.269037,11.776908,06632,-0.62,0.13,12.89,0.668692702926902
27538,51.269037/11.923076,51.269037,11.923076,06242,1.85,0.12,12.38,0.5298687718092608
27636,51.269037/12.069244,51.269037,12.069244,06231,-3.5,0.1,10.2,-0.06353548277202935
27734,51.269037/12.215413,51.269037,12.215413,04420,0.0,0.13,13.0,0.6986351194424715
27832,51.269037/12.361581,51.269037,12.361581,04416,-0.0,0.13,13.0,0.6986351194424715
27930,51.269037/12.507749,51.269037,12.507749,04463,2.89,0.11,11.27,0.22772256878851205
28028,51.269037/12.653918,51.269037,12.653918,04821,1.24,0.13,12.72,0.6224180592210217
28126,51.345087/9.876719,51.345087,9.876719,37213,-1.24,0.13,12.98,0.6931910437123681
28224,51.345087/10.022888,51.345087,10.022888,37318,2.89,0.13,13.13,0.734021611688145
28322,51.345087/10.169056,51.345087,10.169056,37308,16.94,0.11,10.88,0.12156309205149265
28420,51.345087/10.315224,51.345087,10.315224,37351,1.85,0.13,13.24,0.7639640282037145
28518,51.345087/10.461393,51.345087,10.461393,37355,-14.73,-0.01,-1.25,-3.1802688382563264
28616,51.345087/10.607561,51.345087,10.607561,99713,0.0,0.13,13.0,0.6986351194424715
28714,51.345087/10.753729,51.345087,10.753729,99706,1.65,0.12,12.18,0.4754280145082248
28812,51.345087/10.899898,51.345087,10.899898,99706,-14.95,-0.01,-1.45,-3.234709595557362
28910,51.345087/11.046066,51.345087,11.046066,99707,-0.21,0.13,13.12,0.7312995738230927
29008,51.345087/11.192234,51.345087,11.192234,06567,0.41,0.13,13.07,0.7176893844978341
29106,51.345087/11.338403,51.345087,11.338403,06556,-0.82,0.13,13.04,0.7095232709026784
29204,51.345087/11.484571,51.345087,11.484571,06268,1.24,0.12,12.38,0.5298687718092608
29302,51.345087/11.630739,51.345087,11.630739,06268,1.24,0.12,12.26,0.49720431742863913
29400,51.345087/11.776908,51.345087,11.776908,06255,0.82,0.13,12.97,0.6904690058473163
29498,51.345087/12.069244,51.345087,12.069244,06237,1.24,0.12,12.38,0.5298687718092608
29596,51.345087/12.215413,51.345087,12.215413,04435,-1.03,0.13,13.28,0.7748521796639214
29694,51.345087/12.361581,51.345087,12.361581,04105,-1.24,0.12,12.26,0.49720431742863913
29792,51.345087/12.507749,51.345087,12.507749,04319,-1.85,0.13,12.61,0.5924756427054516
29890,51.345087/12.653918,51.345087,12.653918,04828,0.21,0.14,13.55,0.8483472020203201
29988,51.421136/9.876719,51.421136,9.876719,nan,-15.83,-0.02,-2.25,-3.4524726247615054
30086,51.421136/10.022888,51.421136,10.022888,37130,-1.44,0.13,12.86,0.6605265893317463
30184,51.421136/10.169056,51.421136,10.169056,37308,3.71,0.11,10.77,0.09162067553592265
30282,51.421136/10.315224,51.421136,10.315224,37339,8.71,0.08,8.44,-0.542614147021144
30380,51.421136/10.461393,51.421136,10.461393,37339,-3.92,0.1,9.87,-0.15336273231873837
30478,51.421136/10.607561,51.421136,10.607561,99759,-5.16,0.09,8.87,-0.42556651882391716
30576,51.421136/10.753729,51.421136,10.753729,99735,1.24,0.12,12.38,0.5298687718092608
30674,51.421136/11.046066,51.421136,11.046066,99707,-17.39,-0.04,-3.65,-3.8335579258687558
30772,51.421136/11.192234,51.421136,11.192234,06528,-3.3,0.1,10.36,-0.019982876931200697
30870,51.421136/11.338403,51.421136,11.338403,06542,0.62,0.13,13.07,0.7176893844978341
30968,51.421136/11.484571,51.421136,11.484571,nan,-4.33,0.12,11.66,0.33388204552553197
31066,51.421136/11.630739,51.421136,11.630739,06279,1.03,0.13,13.04,0.7095232709026784
31164,51.421136/11.776908,51.421136,11.776908,06179,-1.65,0.12,12.38,0.5298687718092608
31262,51.421136/11.923076,51.421136,11.923076,06258,0.41,0.13,13.24,0.7639640282037145
31360,51.421136/12.069244,51.421136,12.069244,06184,6.62,0.09,9.03,-0.3820139129830885
31458,51.421136/12.215413,51.421136,12.215413,04435,-2.68,0.11,10.86,0.11611901632138871
31556,51.421136/12.361581,51.421136,12.361581,04519,0.0,0.13,13.0,0.6986351194424715
31654,51.421136/12.507749,51.421136,12.507749,04838,0.41,0.13,13.27,0.7721301417988696
31752,51.421136/12.653918,51.421136,12.653918,04838,1.85,0.12,11.89,0.3964889164217232
31850,51.497186/9.876719,51.497186,9.876719,37124,6.2,0.09,9.28,-0.3139629663567938
31948,51.497186/10.022888,51.497186,10.022888,37130,6.62,0.09,9.03,-0.3820139129830885
32046,51.497186/10.169056,51.497186,10.169056,37115,2.89,0.12,12.07,0.4454855979926553
32144,51.497186/10.315224,51.497186,10.315224,37339,-0.41,0.13,13.09,0.7231334602279376
32242,51.497186/10.461393,51.497186,10.461393,37345,2.27,0.12,11.87,0.39104484069161927
32340,51.497186/10.607561,51.497186,10.607561,nan,-2.89,0.11,10.69,0.06984437261550833
32438,51.497186/10.753729,51.497186,10.753729,99734,2.47,0.12,11.52,0.2957735154148068
32536,51.497186/10.899898,51.497186,10.899898,99765,0.41,0.13,13.35,0.793906444719284
32634,51.497186/11.046066,51.497186,11.046066,06536,-4.54,0.1,9.74,-0.18874922456441134
32732,51.497186/11.192234,51.497186,11.192234,06526,-2.47,0.12,12.26,0.49720431742863913
32830,51.497186/11.338403,51.497186,11.338403,nan,3.5,0.11,10.9,0.12700716778159613
32928,51.497186/11.484571,51.497186,11.484571,06295,2.89,0.11,11.27,0.22772256878851205
33026,51.497186/11.630739,51.497186,11.630739,06317,-1.44,0.13,12.88,0.6659706650618503
33124,51.497186/11.776908,51.497186,11.776908,nan,-0.41,0.13,13.29,0.7775742175289732
33222,51.497186/11.923076,51.497186,11.923076,06120,2.06,0.12,11.76,0.36110242417604976
33320,51.497186/12.069244,51.497186,12.069244,06116,-0.82,0.13,12.79,0.6414723242763838
33418,51.497186/12.215413,51.497186,12.215413,04509,-0.0,0.13,13.0,0.6986351194424715
33516,51.497186/12.361581,51.497186,12.361581,04509,0.0,0.13,13.0,0.6986351194424715
33614,51.497186/12.507749,51.497186,12.507749,04838,0.0,0.13,13.0,0.6986351194424715
33712,51.497186/12.653918,51.497186,12.653918,04838,0.41,0.13,12.75,0.6305841728161768
33810,51.573235/9.876719,51.573235,9.876719,37079,1.24,0.13,13.07,0.7176893844978341
33908,51.573235/10.022888,51.573235,10.022888,37077,3.71,0.13,12.64,0.6006417563006073
34006,51.573235/10.169056,51.573235,10.169056,37136,-1.65,0.13,13.14,0.7367436495531967
34104,51.573235/10.315224,51.573235,10.315224,37412,-4.33,0.1,9.53,-0.24591201973049914
34202,51.573235/10.461393,51.573235,10.461393,37345,7.87,0.08,8.28,-0.5861667528619726
34300,51.573235/10.607561,51.573235,10.607561,37445,4.75,0.11,10.69,0.06984437261550833
34398,51.573235/10.753729,51.573235,10.753729,99768,8.5,0.08,7.9,-0.6896041917339403
34496,51.573235/10.899898,51.573235,10.899898,99768,7.25,0.09,8.65,-0.4854513518550562
34594,51.573235/11.046066,51.573235,11.046066,nan,8.5,0.09,8.76,-0.4555089353394867
34692,51.573235/11.192234,51.573235,11.192234,06526,4.33,0.12,12.38,0.5298687718092608
34790,51.573235/11.338403,51.573235,11.338403,06343,-0.21,0.13,13.19,0.7503538388784553
34888,51.573235/11.484571,51.573235,11.484571,06308,2.27,0.12,11.64,0.3284379697954285
34986,51.573235/11.630739,51.573235,11.630739,06347,-0.62,0.13,12.63,0.5979197184355556
35084,51.573235/11.776908,51.573235,11.776908,06198,-8.5,0.08,7.9,-0.6896041917339403
35182,51.573235/11.923076,51.573235,11.923076,06193,-0.41,0.13,12.98,0.6931910437123681
35280,51.573235/12.069244,51.573235,12.069244,06193,-2.47,0.11,11.02,0.15967162216221736
35378,51.573235/12.215413,51.573235,12.215413,06796,0.0,0.13,13.0,0.6986351194424715
35476,51.573235/12.361581,51.573235,12.361581,06808,-1.65,0.12,12.37,0.5271467339442086
35574,51.573235/12.507749,51.573235,12.507749,04849,-4.13,0.1,9.7,-0.19963737602461876
35672,51.573235/12.653918,51.573235,12.653918,04849,-1.03,0.12,12.18,0.4754280145082248
35770,51.649284/9.876719,51.649284,9.876719,37181,2.27,0.12,11.64,0.3284379697954285
35868,51.649284/10.022888,51.649284,10.022888,nan,-6.62,0.11,11.13,0.18961403867778737
35966,51.649284/10.169056,51.649284,10.169056,37199,-2.47,0.13,12.72,0.6224180592210217
36064,51.649284/10.315224,51.649284,10.315224,37412,-3.09,0.11,11.14,0.19233607654283907
36162,51.649284/10.461393,51.649284,10.461393,37431,9.98,0.12,11.61,0.3202718562002728
36260,51.649284/10.607561,51.649284,10.607561,37445,4.95,0.11,11.43,0.2712751746293407
36358,51.649284/10.753729,51.649284,10.753729,38877,-10.62,0.02,2.44,-2.175836866052217
36456,51.649284/10.899898,51.649284,10.899898,38899,-0.41,0.13,13.33,0.7884623689891805
36554,51.649284/11.046066,51.649284,11.046066,06493,-1.24,0.13,12.56,0.578865453380193
36652,51.649284/11.192234,51.649284,11.192234,06493,13.85,0.06,5.59,-1.3183949385609035
36750,51.649284/11.338403,51.649284,11.338403,06456,-1.65,0.13,12.75,0.6305841728161768
36848,51.649284/11.484571,51.649284,11.484571,06333,2.89,0.12,12.08,0.448207635857707
36946,51.649284/11.630739,51.649284,11.630739,06347,-2.06,0.11,11.35,0.24949887170892637
37044,51.649284/11.776908,51.649284,11.776908,06420,-1.44,0.12,11.85,0.3856007649615158
37142,51.649284/11.923076,51.649284,11.923076,06388,1.03,0.12,12.38,0.5298687718092608
37240,51.649284/12.069244,51.649284,12.069244,06780,1.24,0.13,12.73,0.6251400970860733
37338,51.649284/12.215413,51.649284,12.215413,06766,0.41,0.13,12.79,0.6414723242763838
37436,51.649284/12.507749,51.649284,12.507749,06774,-3.3,0.11,11.02,0.15967162216221736
37534,51.649284/12.653918,51.649284,12.653918,06905,-1.44,0.13,12.87,0.6632486271967981
