,date,parameter,value,lat,lon,id_tuple,id
0,2021-08-06 00:00:00,sunshine_duration_1h:min,0.0,50.204347,9.876719,"(50.204347, 9.876719)",50.204347/9.876719
0,2021-08-06 01:00:00,sunshine_duration_1h:min,0.0,50.204347,9.876719,"(50.204347, 9.876719)",50.204347/9.876719
0,2021-08-06 02:00:00,sunshine_duration_1h:min,0.0,50.204347,9.876719,"(50.204347, 9.876719)",50.204347/9.876719
0,2021-08-06 03:00:00,sunshine_duration_1h:min,0.0,50.204347,9.876719,"(50.204347, 9.876719)",50.204347/9.876719
0,2021-08-06 04:00:00,sunshine_duration_1h:min,3.1,50.204347,9.876719,"(50.204347, 9.876719)",50.204347/9.876719
0,2021-08-06 05:00:00,sunshine_duration_1h:min,34.4,50.204347,9.876719,"(50.204347, 9.876719)",50.204347/9.876719
0,2021-08-06 06:00:00,sunshine_duration_1h:min,33.8,50.204347,9.876719,"(50.204347, 9.876719)",50.204347/9.876719
0,2021-08-06 07:00:00,sunshine_duration_1h:min,34.0,50.204347,9.876719,"(50.204347, 9.876719)",50.204347/9.876719
0,2021-08-06 08:00:00,sunshine_duration_1h:min,1.5,50.204347,9.876719,"(50.204347, 9.876719)",50.204347/9.876719
0,2021-08-06 09:00:00,sunshine_duration_1h:min,4.6,50.204347,9.876719,"(50.204347, 9.876719)",50.204347/9.876719
0,2021-08-06 10:00:00,sunshine_duration_1h:min,35.5,50.204347,9.876719,"(50.204347, 9.876719)",50.204347/9.876719
0,2021-08-06 11:00:00,sunshine_duration_1h:min,38.4,50.204347,9.876719,"(50.204347, 9.876719)",50.204347/9.876719
0,2021-08-06 12:00:00,sunshine_duration_1h:min,26.5,50.204347,9.876719,"(50.204347, 9.876719)",50.204347/9.876719
0,2021-08-06 13:00:00,sunshine_duration_1h:min,26.4,50.204347,9.876719,"(50.204347, 9.876719)",50.204347/9.876719
0,2021-08-06 14:00:00,sunshine_duration_1h:min,24.1,50.204347,9.876719,"(50.204347, 9.876719)",50.204347/9.876719
0,2021-08-06 15:00:00,sunshine_duration_1h:min,34.4,50.204347,9.876719,"(50.204347, 9.876719)",50.204347/9.876719
0,2021-08-06 16:00:00,sunshine_duration_1h:min,33.4,50.204347,9.876719,"(50.204347, 9.876719)",50.204347/9.876719
0,2021-08-06 17:00:00,sunshine_duration_1h:min,49.7,50.204347,9.876719,"(50.204347, 9.876719)",50.204347/9.876719
0,2021-08-06 18:00:00,sunshine_duration_1h:min,45.4,50.204347,9.876719,"(50.204347, 9.876719)",50.204347/9.876719
0,2021-08-06 19:00:00,sunshine_duration_1h:min,49.7,50.204347,9.876719,"(50.204347, 9.876719)",50.204347/9.876719
0,2021-08-06 20:00:00,sunshine_duration_1h:min,0.0,50.204347,9.876719,"(50.204347, 9.876719)",50.204347/9.876719
0,2021-08-06 21:00:00,sunshine_duration_1h:min,0.0,50.204347,9.876719,"(50.204347, 9.876719)",50.204347/9.876719
0,2021-08-06 22:00:00,sunshine_duration_1h:min,0.0,50.204347,9.876719,"(50.204347, 9.876719)",50.204347/9.876719
0,2021-08-06 23:00:00,sunshine_duration_1h:min,0.0,50.204347,9.876719,"(50.204347, 9.876719)",50.204347/9.876719
0,2021-08-07 00:00:00,sunshine_duration_1h:min,0.0,50.204347,9.876719,"(50.204347, 9.876719)",50.204347/9.876719
0,2021-08-07 01:00:00,sunshine_duration_1h:min,0.0,50.204347,9.876719,"(50.204347, 9.876719)",50.204347/9.876719
0,2021-08-07 02:00:00,sunshine_duration_1h:min,0.0,50.204347,9.876719,"(50.204347, 9.876719)",50.204347/9.876719
0,2021-08-07 03:00:00,sunshine_duration_1h:min,0.0,50.204347,9.876719,"(50.204347, 9.876719)",50.204347/9.876719
0,2021-08-07 04:00:00,sunshine_duration_1h:min,2.2,50.204347,9.876719,"(50.204347, 9.876719)",50.204347/9.876719
0,2021-08-07 05:00:00,sunshine_duration_1h:min,41.2,50.204347,9.876719,"(50.204347, 9.876719)",50.204347/9.876719
0,2021-08-07 06:00:00,sunshine_duration_1h:min,44.6,50.204347,9.876719,"(50.204347, 9.876719)",50.204347/9.876719
0,2021-08-07 07:00:00,sunshine_duration_1h:min,53.8,50.204347,9.876719,"(50.204347, 9.876719)",50.204347/9.876719
0,2021-08-07 08:00:00,sunshine_duration_1h:min,37.6,50.204347,9.876719,"(50.204347, 9.876719)",50.204347/9.876719
0,2021-08-07 09:00:00,sunshine_duration_1h:min,28.7,50.204347,9.876719,"(50.204347, 9.876719)",50.204347/9.876719
0,2021-08-07 10:00:00,sunshine_duration_1h:min,45.5,50.204347,9.876719,"(50.204347, 9.876719)",50.204347/9.876719
0,2021-08-07 11:00:00,sunshine_duration_1h:min,42.8,50.204347,9.876719,"(50.204347, 9.876719)",50.204347/9.876719
0,2021-08-07 12:00:00,sunshine_duration_1h:min,42.7,50.204347,9.876719,"(50.204347, 9.876719)",50.204347/9.876719
0,2021-08-07 13:00:00,sunshine_duration_1h:min,2.4,50.204347,9.876719,"(50.204347, 9.876719)",50.204347/9.876719
0,2021-08-07 14:00:00,sunshine_duration_1h:min,0.1,50.204347,9.876719,"(50.204347, 9.876719)",50.204347/9.876719
0,2021-08-07 15:00:00,sunshine_duration_1h:min,0.0,50.204347,9.876719,"(50.204347, 9.876719)",50.204347/9.876719
0,2021-08-07 16:00:00,sunshine_duration_1h:min,0.5,50.204347,9.876719,"(50.204347, 9.876719)",50.204347/9.876719
0,2021-08-07 17:00:00,sunshine_duration_1h:min,22.9,50.204347,9.876719,"(50.204347, 9.876719)",50.204347/9.876719
0,2021-08-07 18:00:00,sunshine_duration_1h:min,51.4,50.204347,9.876719,"(50.204347, 9.876719)",50.204347/9.876719
0,2021-08-07 19:00:00,sunshine_duration_1h:min,51.1,50.204347,9.876719,"(50.204347, 9.876719)",50.204347/9.876719
0,2021-08-07 20:00:00,sunshine_duration_1h:min,0.0,50.204347,9.876719,"(50.204347, 9.876719)",50.204347/9.876719
0,2021-08-07 21:00:00,sunshine_duration_1h:min,0.0,50.204347,9.876719,"(50.204347, 9.876719)",50.204347/9.876719
0,2021-08-07 22:00:00,sunshine_duration_1h:min,0.0,50.204347,9.876719,"(50.204347, 9.876719)",50.204347/9.876719
0,2021-08-07 23:00:00,sunshine_duration_1h:min,0.0,50.204347,9.876719,"(50.204347, 9.876719)",50.204347/9.876719
0,2021-08-08 00:00:00,sunshine_duration_1h:min,0.0,50.204347,9.876719,"(50.204347, 9.876719)",50.204347/9.876719
1,2021-08-06 00:00:00,sunshine_duration_1h:min,0.0,50.204347,12.653918,"(50.204347, 12.653918)",50.204347/12.653918
1,2021-08-06 01:00:00,sunshine_duration_1h:min,0.0,50.204347,12.653918,"(50.204347, 12.653918)",50.204347/12.653918
1,2021-08-06 02:00:00,sunshine_duration_1h:min,0.0,50.204347,12.653918,"(50.204347, 12.653918)",50.204347/12.653918
1,2021-08-06 03:00:00,sunshine_duration_1h:min,0.0,50.204347,12.653918,"(50.204347, 12.653918)",50.204347/12.653918
1,2021-08-06 04:00:00,sunshine_duration_1h:min,3.5,50.204347,12.653918,"(50.204347, 12.653918)",50.204347/12.653918
1,2021-08-06 05:00:00,sunshine_duration_1h:min,11.4,50.204347,12.653918,"(50.204347, 12.653918)",50.204347/12.653918
1,2021-08-06 06:00:00,sunshine_duration_1h:min,0.0,50.204347,12.653918,"(50.204347, 12.653918)",50.204347/12.653918
1,2021-08-06 07:00:00,sunshine_duration_1h:min,0.0,50.204347,12.653918,"(50.204347, 12.653918)",50.204347/12.653918
1,2021-08-06 08:00:00,sunshine_duration_1h:min,4.3,50.204347,12.653918,"(50.204347, 12.653918)",50.204347/12.653918
1,2021-08-06 09:00:00,sunshine_duration_1h:min,22.0,50.204347,12.653918,"(50.204347, 12.653918)",50.204347/12.653918
1,2021-08-06 10:00:00,sunshine_duration_1h:min,26.1,50.204347,12.653918,"(50.204347, 12.653918)",50.204347/12.653918
1,2021-08-06 11:00:00,sunshine_duration_1h:min,44.5,50.204347,12.653918,"(50.204347, 12.653918)",50.204347/12.653918
1,2021-08-06 12:00:00,sunshine_duration_1h:min,37.4,50.204347,12.653918,"(50.204347, 12.653918)",50.204347/12.653918
1,2021-08-06 13:00:00,sunshine_duration_1h:min,11.5,50.204347,12.653918,"(50.204347, 12.653918)",50.204347/12.653918
1,2021-08-06 14:00:00,sunshine_duration_1h:min,2.1,50.204347,12.653918,"(50.204347, 12.653918)",50.204347/12.653918
1,2021-08-06 15:00:00,sunshine_duration_1h:min,2.3,50.204347,12.653918,"(50.204347, 12.653918)",50.204347/12.653918
1,2021-08-06 16:00:00,sunshine_duration_1h:min,47.2,50.204347,12.653918,"(50.204347, 12.653918)",50.204347/12.653918
1,2021-08-06 17:00:00,sunshine_duration_1h:min,44.0,50.204347,12.653918,"(50.204347, 12.653918)",50.204347/12.653918
1,2021-08-06 18:00:00,sunshine_duration_1h:min,8.0,50.204347,12.653918,"(50.204347, 12.653918)",50.204347/12.653918
1,2021-08-06 19:00:00,sunshine_duration_1h:min,34.4,50.204347,12.653918,"(50.204347, 12.653918)",50.204347/12.653918
1,2021-08-06 20:00:00,sunshine_duration_1h:min,0.0,50.204347,12.653918,"(50.204347, 12.653918)",50.204347/12.653918
1,2021-08-06 21:00:00,sunshine_duration_1h:min,0.0,50.204347,12.653918,"(50.204347, 12.653918)",50.204347/12.653918
1,2021-08-06 22:00:00,sunshine_duration_1h:min,0.0,50.204347,12.653918,"(50.204347, 12.653918)",50.204347/12.653918
1,2021-08-06 23:00:00,sunshine_duration_1h:min,0.0,50.204347,12.653918,"(50.204347, 12.653918)",50.204347/12.653918
1,2021-08-07 00:00:00,sunshine_duration_1h:min,0.0,50.204347,12.653918,"(50.204347, 12.653918)",50.204347/12.653918
1,2021-08-07 01:00:00,sunshine_duration_1h:min,0.0,50.204347,12.653918,"(50.204347, 12.653918)",50.204347/12.653918
1,2021-08-07 02:00:00,sunshine_duration_1h:min,0.0,50.204347,12.653918,"(50.204347, 12.653918)",50.204347/12.653918
1,2021-08-07 03:00:00,sunshine_duration_1h:min,0.0,50.204347,12.653918,"(50.204347, 12.653918)",50.204347/12.653918
1,2021-08-07 04:00:00,sunshine_duration_1h:min,13.5,50.204347,12.653918,"(50.204347, 12.653918)",50.204347/12.653918
1,2021-08-07 05:00:00,sunshine_duration_1h:min,59.0,50.204347,12.653918,"(50.204347, 12.653918)",50.204347/12.653918
1,2021-08-07 06:00:00,sunshine_duration_1h:min,60.0,50.204347,12.653918,"(50.204347, 12.653918)",50.204347/12.653918
1,2021-08-07 07:00:00,sunshine_duration_1h:min,56.8,50.204347,12.653918,"(50.204347, 12.653918)",50.204347/12.653918
1,2021-08-07 08:00:00,sunshine_duration_1h:min,33.1,50.204347,12.653918,"(50.204347, 12.653918)",50.204347/12.653918
1,2021-08-07 09:00:00,sunshine_duration_1h:min,39.0,50.204347,12.653918,"(50.204347, 12.653918)",50.204347/12.653918
1,2021-08-07 10:00:00,sunshine_duration_1h:min,52.0,50.204347,12.653918,"(50.204347, 12.653918)",50.204347/12.653918
1,2021-08-07 11:00:00,sunshine_duration_1h:min,41.4,50.204347,12.653918,"(50.204347, 12.653918)",50.204347/12.653918
1,2021-08-07 12:00:00,sunshine_duration_1h:min,24.5,50.204347,12.653918,"(50.204347, 12.653918)",50.204347/12.653918
1,2021-08-07 13:00:00,sunshine_duration_1h:min,0.2,50.204347,12.653918,"(50.204347, 12.653918)",50.204347/12.653918
1,2021-08-07 14:00:00,sunshine_duration_1h:min,2.7,50.204347,12.653918,"(50.204347, 12.653918)",50.204347/12.653918
1,2021-08-07 15:00:00,sunshine_duration_1h:min,0.0,50.204347,12.653918,"(50.204347, 12.653918)",50.204347/12.653918
1,2021-08-07 16:00:00,sunshine_duration_1h:min,0.0,50.204347,12.653918,"(50.204347, 12.653918)",50.204347/12.653918
1,2021-08-07 17:00:00,sunshine_duration_1h:min,0.0,50.204347,12.653918,"(50.204347, 12.653918)",50.204347/12.653918
1,2021-08-07 18:00:00,sunshine_duration_1h:min,0.0,50.204347,12.653918,"(50.204347, 12.653918)",50.204347/12.653918
1,2021-08-07 19:00:00,sunshine_duration_1h:min,0.3,50.204347,12.653918,"(50.204347, 12.653918)",50.204347/12.653918
1,2021-08-07 20:00:00,sunshine_duration_1h:min,0.0,50.204347,12.653918,"(50.204347, 12.653918)",50.204347/12.653918
1,2021-08-07 21:00:00,sunshine_duration_1h:min,0.0,50.204347,12.653918,"(50.204347, 12.653918)",50.204347/12.653918
1,2021-08-07 22:00:00,sunshine_duration_1h:min,0.0,50.204347,12.653918,"(50.204347, 12.653918)",50.204347/12.653918
1,2021-08-07 23:00:00,sunshine_duration_1h:min,0.0,50.204347,12.653918,"(50.204347, 12.653918)",50.204347/12.653918
1,2021-08-08 00:00:00,sunshine_duration_1h:min,0.0,50.204347,12.653918,"(50.204347, 12.653918)",50.204347/12.653918
2,2021-08-06 00:00:00,sunshine_duration_1h:min,0.0,50.926815,9.876719,"(50.926815, 9.876719)",50.926815/9.876719
2,2021-08-06 01:00:00,sunshine_duration_1h:min,0.0,50.926815,9.876719,"(50.926815, 9.876719)",50.926815/9.876719
2,2021-08-06 02:00:00,sunshine_duration_1h:min,0.0,50.926815,9.876719,"(50.926815, 9.876719)",50.926815/9.876719
2,2021-08-06 03:00:00,sunshine_duration_1h:min,0.0,50.926815,9.876719,"(50.926815, 9.876719)",50.926815/9.876719
2,2021-08-06 04:00:00,sunshine_duration_1h:min,5.6,50.926815,9.876719,"(50.926815, 9.876719)",50.926815/9.876719
2,2021-08-06 05:00:00,sunshine_duration_1h:min,32.3,50.926815,9.876719,"(50.926815, 9.876719)",50.926815/9.876719
2,2021-08-06 06:00:00,sunshine_duration_1h:min,40.9,50.926815,9.876719,"(50.926815, 9.876719)",50.926815/9.876719
2,2021-08-06 07:00:00,sunshine_duration_1h:min,46.1,50.926815,9.876719,"(50.926815, 9.876719)",50.926815/9.876719
2,2021-08-06 08:00:00,sunshine_duration_1h:min,21.2,50.926815,9.876719,"(50.926815, 9.876719)",50.926815/9.876719
2,2021-08-06 09:00:00,sunshine_duration_1h:min,13.8,50.926815,9.876719,"(50.926815, 9.876719)",50.926815/9.876719
2,2021-08-06 10:00:00,sunshine_duration_1h:min,2.1,50.926815,9.876719,"(50.926815, 9.876719)",50.926815/9.876719
2,2021-08-06 11:00:00,sunshine_duration_1h:min,16.2,50.926815,9.876719,"(50.926815, 9.876719)",50.926815/9.876719
2,2021-08-06 12:00:00,sunshine_duration_1h:min,31.1,50.926815,9.876719,"(50.926815, 9.876719)",50.926815/9.876719
2,2021-08-06 13:00:00,sunshine_duration_1h:min,21.0,50.926815,9.876719,"(50.926815, 9.876719)",50.926815/9.876719
2,2021-08-06 14:00:00,sunshine_duration_1h:min,37.4,50.926815,9.876719,"(50.926815, 9.876719)",50.926815/9.876719
2,2021-08-06 15:00:00,sunshine_duration_1h:min,32.2,50.926815,9.876719,"(50.926815, 9.876719)",50.926815/9.876719
2,2021-08-06 16:00:00,sunshine_duration_1h:min,44.1,50.926815,9.876719,"(50.926815, 9.876719)",50.926815/9.876719
2,2021-08-06 17:00:00,sunshine_duration_1h:min,41.1,50.926815,9.876719,"(50.926815, 9.876719)",50.926815/9.876719
2,2021-08-06 18:00:00,sunshine_duration_1h:min,37.7,50.926815,9.876719,"(50.926815, 9.876719)",50.926815/9.876719
2,2021-08-06 19:00:00,sunshine_duration_1h:min,49.0,50.926815,9.876719,"(50.926815, 9.876719)",50.926815/9.876719
2,2021-08-06 20:00:00,sunshine_duration_1h:min,0.0,50.926815,9.876719,"(50.926815, 9.876719)",50.926815/9.876719
2,2021-08-06 21:00:00,sunshine_duration_1h:min,0.0,50.926815,9.876719,"(50.926815, 9.876719)",50.926815/9.876719
2,2021-08-06 22:00:00,sunshine_duration_1h:min,0.0,50.926815,9.876719,"(50.926815, 9.876719)",50.926815/9.876719
2,2021-08-06 23:00:00,sunshine_duration_1h:min,0.0,50.926815,9.876719,"(50.926815, 9.876719)",50.926815/9.876719
2,2021-08-07 00:00:00,sunshine_duration_1h:min,0.0,50.926815,9.876719,"(50.926815, 9.876719)",50.926815/9.876719
2,2021-08-07 01:00:00,sunshine_duration_1h:min,0.0,50.926815,9.876719,"(50.926815, 9.876719)",50.926815/9.876719
2,2021-08-07 02:00:00,sunshine_duration_1h:min,0.0,50.926815,9.876719,"(50.926815, 9.876719)",50.926815/9.876719
2,2021-08-07 03:00:00,sunshine_duration_1h:min,0.0,50.926815,9.876719,"(50.926815, 9.876719)",50.926815/9.876719
2,2021-08-07 04:00:00,sunshine_duration_1h:min,5.6,50.926815,9.876719,"(50.926815, 9.876719)",50.926815/9.876719
2,2021-08-07 05:00:00,sunshine_duration_1h:min,47.7,50.926815,9.876719,"(50.926815, 9.876719)",50.926815/9.876719
2,2021-08-07 06:00:00,sunshine_duration_1h:min,41.7,50.926815,9.876719,"(50.926815, 9.876719)",50.926815/9.876719
2,2021-08-07 07:00:00,sunshine_duration_1h:min,47.4,50.926815,9.876719,"(50.926815, 9.876719)",50.926815/9.876719
2,2021-08-07 08:00:00,sunshine_duration_1h:min,52.6,50.926815,9.876719,"(50.926815, 9.876719)",50.926815/9.876719
2,2021-08-07 09:00:00,sunshine_duration_1h:min,44.8,50.926815,9.876719,"(50.926815, 9.876719)",50.926815/9.876719
2,2021-08-07 10:00:00,sunshine_duration_1h:min,45.1,50.926815,9.876719,"(50.926815, 9.876719)",50.926815/9.876719
2,2021-08-07 11:00:00,sunshine_duration_1h:min,30.0,50.926815,9.876719,"(50.926815, 9.876719)",50.926815/9.876719
2,2021-08-07 12:00:00,sunshine_duration_1h:min,27.8,50.926815,9.876719,"(50.926815, 9.876719)",50.926815/9.876719
2,2021-08-07 13:00:00,sunshine_duration_1h:min,33.6,50.926815,9.876719,"(50.926815, 9.876719)",50.926815/9.876719
2,2021-08-07 14:00:00,sunshine_duration_1h:min,38.5,50.926815,9.876719,"(50.926815, 9.876719)",50.926815/9.876719
2,2021-08-07 15:00:00,sunshine_duration_1h:min,17.3,50.926815,9.876719,"(50.926815, 9.876719)",50.926815/9.876719
2,2021-08-07 16:00:00,sunshine_duration_1h:min,31.0,50.926815,9.876719,"(50.926815, 9.876719)",50.926815/9.876719
2,2021-08-07 17:00:00,sunshine_duration_1h:min,42.9,50.926815,9.876719,"(50.926815, 9.876719)",50.926815/9.876719
2,2021-08-07 18:00:00,sunshine_duration_1h:min,33.0,50.926815,9.876719,"(50.926815, 9.876719)",50.926815/9.876719
2,2021-08-07 19:00:00,sunshine_duration_1h:min,44.8,50.926815,9.876719,"(50.926815, 9.876719)",50.926815/9.876719
2,2021-08-07 20:00:00,sunshine_duration_1h:min,0.0,50.926815,9.876719,"(50.926815, 9.876719)",50.926815/9.876719
2,2021-08-07 21:00:00,sunshine_duration_1h:min,0.0,50.926815,9.876719,"(50.926815, 9.876719)",50.926815/9.876719
2,2021-08-07 22:00:00,sunshine_duration_1h:min,0.0,50.926815,9.876719,"(50.926815, 9.876719)",50.926815/9.876719
2,2021-08-07 23:00:00,sunshine_duration_1h:min,0.0,50.926815,9.876719,"(50.926815, 9.876719)",50.926815/9.876719
2,2021-08-08 00:00:00,sunshine_duration_1h:min,0.0,50.926815,9.876719,"(50.926815, 9.876719)",50.926815/9.876719
3,2021-08-06 00:00:00,sunshine_duration_1h:min,0.0,50.926815,12.653918,"(50.926815, 12.653918)",50.926815/12.653918
3,2021-08-06 01:00:00,sunshine_duration_1h:min,0.0,50.926815,12.653918,"(50.926815, 12.653918)",50.926815/12.653918
3,2021-08-06 02:00:00,sunshine_duration_1h:min,0.0,50.926815,12.653918,"(50.926815, 12.653918)",50.926815/12.653918
3,2021-08-06 03:00:00,sunshine_duration_1h:min,0.0,50.926815,12.653918,"(50.926815, 12.653918)",50.926815/12.653918
3,2021-08-06 04:00:00,sunshine_duration_1h:min,16.6,50.926815,12.653918,"(50.926815, 12.653918)",50.926815/12.653918
3,2021-08-06 05:00:00,sunshine_duration_1h:min,53.0,50.926815,12.653918,"(50.926815, 12.653918)",50.926815/12.653918
3,2021-08-06 06:00:00,sunshine_duration_1h:min,48.2,50.926815,12.653918,"(50.926815, 12.653918)",50.926815/12.653918
3,2021-08-06 07:00:00,sunshine_duration_1h:min,56.8,50.926815,12.653918,"(50.926815, 12.653918)",50.926815/12.653918
3,2021-08-06 08:00:00,sunshine_duration_1h:min,54.0,50.926815,12.653918,"(50.926815, 12.653918)",50.926815/12.653918
3,2021-08-06 09:00:00,sunshine_duration_1h:min,42.9,50.926815,12.653918,"(50.926815, 12.653918)",50.926815/12.653918
3,2021-08-06 10:00:00,sunshine_duration_1h:min,18.5,50.926815,12.653918,"(50.926815, 12.653918)",50.926815/12.653918
3,2021-08-06 11:00:00,sunshine_duration_1h:min,43.4,50.926815,12.653918,"(50.926815, 12.653918)",50.926815/12.653918
3,2021-08-06 12:00:00,sunshine_duration_1h:min,33.8,50.926815,12.653918,"(50.926815, 12.653918)",50.926815/12.653918
3,2021-08-06 13:00:00,sunshine_duration_1h:min,2.8,50.926815,12.653918,"(50.926815, 12.653918)",50.926815/12.653918
3,2021-08-06 14:00:00,sunshine_duration_1h:min,25.5,50.926815,12.653918,"(50.926815, 12.653918)",50.926815/12.653918
3,2021-08-06 15:00:00,sunshine_duration_1h:min,17.3,50.926815,12.653918,"(50.926815, 12.653918)",50.926815/12.653918
3,2021-08-06 16:00:00,sunshine_duration_1h:min,24.5,50.926815,12.653918,"(50.926815, 12.653918)",50.926815/12.653918
3,2021-08-06 17:00:00,sunshine_duration_1h:min,42.7,50.926815,12.653918,"(50.926815, 12.653918)",50.926815/12.653918
3,2021-08-06 18:00:00,sunshine_duration_1h:min,43.6,50.926815,12.653918,"(50.926815, 12.653918)",50.926815/12.653918
3,2021-08-06 19:00:00,sunshine_duration_1h:min,26.2,50.926815,12.653918,"(50.926815, 12.653918)",50.926815/12.653918
3,2021-08-06 20:00:00,sunshine_duration_1h:min,0.0,50.926815,12.653918,"(50.926815, 12.653918)",50.926815/12.653918
3,2021-08-06 21:00:00,sunshine_duration_1h:min,0.0,50.926815,12.653918,"(50.926815, 12.653918)",50.926815/12.653918
3,2021-08-06 22:00:00,sunshine_duration_1h:min,0.0,50.926815,12.653918,"(50.926815, 12.653918)",50.926815/12.653918
3,2021-08-06 23:00:00,sunshine_duration_1h:min,0.0,50.926815,12.653918,"(50.926815, 12.653918)",50.926815/12.653918
3,2021-08-07 00:00:00,sunshine_duration_1h:min,0.0,50.926815,12.653918,"(50.926815, 12.653918)",50.926815/12.653918
3,2021-08-07 01:00:00,sunshine_duration_1h:min,0.0,50.926815,12.653918,"(50.926815, 12.653918)",50.926815/12.653918
3,2021-08-07 02:00:00,sunshine_duration_1h:min,0.0,50.926815,12.653918,"(50.926815, 12.653918)",50.926815/12.653918
3,2021-08-07 03:00:00,sunshine_duration_1h:min,0.0,50.926815,12.653918,"(50.926815, 12.653918)",50.926815/12.653918
3,2021-08-07 04:00:00,sunshine_duration_1h:min,16.2,50.926815,12.653918,"(50.926815, 12.653918)",50.926815/12.653918
3,2021-08-07 05:00:00,sunshine_duration_1h:min,56.3,50.926815,12.653918,"(50.926815, 12.653918)",50.926815/12.653918
3,2021-08-07 06:00:00,sunshine_duration_1h:min,57.6,50.926815,12.653918,"(50.926815, 12.653918)",50.926815/12.653918
3,2021-08-07 07:00:00,sunshine_duration_1h:min,57.9,50.926815,12.653918,"(50.926815, 12.653918)",50.926815/12.653918
3,2021-08-07 08:00:00,sunshine_duration_1h:min,57.8,50.926815,12.653918,"(50.926815, 12.653918)",50.926815/12.653918
3,2021-08-07 09:00:00,sunshine_duration_1h:min,53.9,50.926815,12.653918,"(50.926815, 12.653918)",50.926815/12.653918
3,2021-08-07 10:00:00,sunshine_duration_1h:min,47.3,50.926815,12.653918,"(50.926815, 12.653918)",50.926815/12.653918
3,2021-08-07 11:00:00,sunshine_duration_1h:min,43.3,50.926815,12.653918,"(50.926815, 12.653918)",50.926815/12.653918
3,2021-08-07 12:00:00,sunshine_duration_1h:min,40.9,50.926815,12.653918,"(50.926815, 12.653918)",50.926815/12.653918
3,2021-08-07 13:00:00,sunshine_duration_1h:min,43.1,50.926815,12.653918,"(50.926815, 12.653918)",50.926815/12.653918
3,2021-08-07 14:00:00,sunshine_duration_1h:min,9.1,50.926815,12.653918,"(50.926815, 12.653918)",50.926815/12.653918
3,2021-08-07 15:00:00,sunshine_duration_1h:min,0.0,50.926815,12.653918,"(50.926815, 12.653918)",50.926815/12.653918
3,2021-08-07 16:00:00,sunshine_duration_1h:min,0.1,50.926815,12.653918,"(50.926815, 12.653918)",50.926815/12.653918
3,2021-08-07 17:00:00,sunshine_duration_1h:min,0.0,50.926815,12.653918,"(50.926815, 12.653918)",50.926815/12.653918
3,2021-08-07 18:00:00,sunshine_duration_1h:min,0.0,50.926815,12.653918,"(50.926815, 12.653918)",50.926815/12.653918
3,2021-08-07 19:00:00,sunshine_duration_1h:min,0.3,50.926815,12.653918,"(50.926815, 12.653918)",50.926815/12.653918
3,2021-08-07 20:00:00,sunshine_duration_1h:min,0.0,50.926815,12.653918,"(50.926815, 12.653918)",50.926815/12.653918
3,2021-08-07 21:00:00,sunshine_duration_1h:min,0.0,50.926815,12.653918,"(50.926815, 12.653918)",50.926815/12.653918
3,2021-08-07 22:00:00,sunshine_duration_1h:min,0.0,50.926815,12.653918,"(50.926815, 12.653918)",50.926815/12.653918
3,2021-08-07 23:00:00,sunshine_duration_1h:min,0.0,50.926815,12.653918,"(50.926815, 12.653918)",50.926815/12.653918
3,2021-08-08 00:00:00,sunshine_duration_1h:min,0.0,50.926815,12.653918,"(50.926815, 12.653918)",50.926815/12.653918
4,2021-08-06 00:00:00,sunshine_duration_1h:min,0.0,51.649284,9.876719,"(51.649284, 9.876719)",51.649284/9.876719
4,2021-08-06 01:00:00,sunshine_duration_1h:min,0.0,51.649284,9.876719,"(51.649284, 9.876719)",51.649284/9.876719
4,2021-08-06 02:00:00,sunshine_duration_1h:min,0.0,51.649284,9.876719,"(51.649284, 9.876719)",51.649284/9.876719
4,2021-08-06 03:00:00,sunshine_duration_1h:min,0.0,51.649284,9.876719,"(51.649284, 9.876719)",51.649284/9.876719
4,2021-08-06 04:00:00,sunshine_duration_1h:min,8.0,51.649284,9.876719,"(51.649284, 9.876719)",51.649284/9.876719
4,2021-08-06 05:00:00,sunshine_duration_1h:min,51.1,51.649284,9.876719,"(51.649284, 9.876719)",51.649284/9.876719
4,2021-08-06 06:00:00,sunshine_duration_1h:min,56.0,51.649284,9.876719,"(51.649284, 9.876719)",51.649284/9.876719
4,2021-08-06 07:00:00,sunshine_duration_1h:min,8.1,51.649284,9.876719,"(51.649284, 9.876719)",51.649284/9.876719
4,2021-08-06 08:00:00,sunshine_duration_1h:min,15.0,51.649284,9.876719,"(51.649284, 9.876719)",51.649284/9.876719
4,2021-08-06 09:00:00,sunshine_duration_1h:min,31.4,51.649284,9.876719,"(51.649284, 9.876719)",51.649284/9.876719
4,2021-08-06 10:00:00,sunshine_duration_1h:min,26.2,51.649284,9.876719,"(51.649284, 9.876719)",51.649284/9.876719
4,2021-08-06 11:00:00,sunshine_duration_1h:min,3.3,51.649284,9.876719,"(51.649284, 9.876719)",51.649284/9.876719
4,2021-08-06 12:00:00,sunshine_duration_1h:min,31.9,51.649284,9.876719,"(51.649284, 9.876719)",51.649284/9.876719
4,2021-08-06 13:00:00,sunshine_duration_1h:min,12.8,51.649284,9.876719,"(51.649284, 9.876719)",51.649284/9.876719
4,2021-08-06 14:00:00,sunshine_duration_1h:min,40.9,51.649284,9.876719,"(51.649284, 9.876719)",51.649284/9.876719
4,2021-08-06 15:00:00,sunshine_duration_1h:min,25.2,51.649284,9.876719,"(51.649284, 9.876719)",51.649284/9.876719
4,2021-08-06 16:00:00,sunshine_duration_1h:min,26.4,51.649284,9.876719,"(51.649284, 9.876719)",51.649284/9.876719
4,2021-08-06 17:00:00,sunshine_duration_1h:min,28.1,51.649284,9.876719,"(51.649284, 9.876719)",51.649284/9.876719
4,2021-08-06 18:00:00,sunshine_duration_1h:min,32.6,51.649284,9.876719,"(51.649284, 9.876719)",51.649284/9.876719
4,2021-08-06 19:00:00,sunshine_duration_1h:min,55.9,51.649284,9.876719,"(51.649284, 9.876719)",51.649284/9.876719
4,2021-08-06 20:00:00,sunshine_duration_1h:min,1.0,51.649284,9.876719,"(51.649284, 9.876719)",51.649284/9.876719
4,2021-08-06 21:00:00,sunshine_duration_1h:min,0.0,51.649284,9.876719,"(51.649284, 9.876719)",51.649284/9.876719
4,2021-08-06 22:00:00,sunshine_duration_1h:min,0.0,51.649284,9.876719,"(51.649284, 9.876719)",51.649284/9.876719
4,2021-08-06 23:00:00,sunshine_duration_1h:min,0.0,51.649284,9.876719,"(51.649284, 9.876719)",51.649284/9.876719
4,2021-08-07 00:00:00,sunshine_duration_1h:min,0.0,51.649284,9.876719,"(51.649284, 9.876719)",51.649284/9.876719
4,2021-08-07 01:00:00,sunshine_duration_1h:min,0.0,51.649284,9.876719,"(51.649284, 9.876719)",51.649284/9.876719
4,2021-08-07 02:00:00,sunshine_duration_1h:min,0.0,51.649284,9.876719,"(51.649284, 9.876719)",51.649284/9.876719
4,2021-08-07 03:00:00,sunshine_duration_1h:min,0.0,51.649284,9.876719,"(51.649284, 9.876719)",51.649284/9.876719
4,2021-08-07 04:00:00,sunshine_duration_1h:min,7.1,51.649284,9.876719,"(51.649284, 9.876719)",51.649284/9.876719
4,2021-08-07 05:00:00,sunshine_duration_1h:min,48.3,51.649284,9.876719,"(51.649284, 9.876719)",51.649284/9.876719
4,2021-08-07 06:00:00,sunshine_duration_1h:min,47.3,51.649284,9.876719,"(51.649284, 9.876719)",51.649284/9.876719
4,2021-08-07 07:00:00,sunshine_duration_1h:min,43.1,51.649284,9.876719,"(51.649284, 9.876719)",51.649284/9.876719
4,2021-08-07 08:00:00,sunshine_duration_1h:min,40.0,51.649284,9.876719,"(51.649284, 9.876719)",51.649284/9.876719
4,2021-08-07 09:00:00,sunshine_duration_1h:min,36.6,51.649284,9.876719,"(51.649284, 9.876719)",51.649284/9.876719
4,2021-08-07 10:00:00,sunshine_duration_1h:min,35.5,51.649284,9.876719,"(51.649284, 9.876719)",51.649284/9.876719
4,2021-08-07 11:00:00,sunshine_duration_1h:min,41.3,51.649284,9.876719,"(51.649284, 9.876719)",51.649284/9.876719
4,2021-08-07 12:00:00,sunshine_duration_1h:min,32.0,51.649284,9.876719,"(51.649284, 9.876719)",51.649284/9.876719
4,2021-08-07 13:00:00,sunshine_duration_1h:min,29.1,51.649284,9.876719,"(51.649284, 9.876719)",51.649284/9.876719
4,2021-08-07 14:00:00,sunshine_duration_1h:min,51.3,51.649284,9.876719,"(51.649284, 9.876719)",51.649284/9.876719
4,2021-08-07 15:00:00,sunshine_duration_1h:min,50.0,51.649284,9.876719,"(51.649284, 9.876719)",51.649284/9.876719
4,2021-08-07 16:00:00,sunshine_duration_1h:min,42.9,51.649284,9.876719,"(51.649284, 9.876719)",51.649284/9.876719
4,2021-08-07 17:00:00,sunshine_duration_1h:min,51.6,51.649284,9.876719,"(51.649284, 9.876719)",51.649284/9.876719
4,2021-08-07 18:00:00,sunshine_duration_1h:min,41.5,51.649284,9.876719,"(51.649284, 9.876719)",51.649284/9.876719
4,2021-08-07 19:00:00,sunshine_duration_1h:min,45.9,51.649284,9.876719,"(51.649284, 9.876719)",51.649284/9.876719
4,2021-08-07 20:00:00,sunshine_duration_1h:min,0.0,51.649284,9.876719,"(51.649284, 9.876719)",51.649284/9.876719
4,2021-08-07 21:00:00,sunshine_duration_1h:min,0.0,51.649284,9.876719,"(51.649284, 9.876719)",51.649284/9.876719
4,2021-08-07 22:00:00,sunshine_duration_1h:min,0.0,51.649284,9.876719,"(51.649284, 9.876719)",51.649284/9.876719
4,2021-08-07 23:00:00,sunshine_duration_1h:min,0.0,51.649284,9.876719,"(51.649284, 9.876719)",51.649284/9.876719
4,2021-08-08 00:00:00,sunshine_duration_1h:min,0.0,51.649284,9.876719,"(51.649284, 9.876719)",51.649284/9.876719
5,2021-08-06 00:00:00,sunshine_duration_1h:min,0.0,51.649284,12.653918,"(51.649284, 12.653918)",51.649284/12.653918
5,2021-08-06 01:00:00,sunshine_duration_1h:min,0.0,51.649284,12.653918,"(51.649284, 12.653918)",51.649284/12.653918
5,2021-08-06 02:00:00,sunshine_duration_1h:min,0.0,51.649284,12.653918,"(51.649284, 12.653918)",51.649284/12.653918
5,2021-08-06 03:00:00,sunshine_duration_1h:min,0.0,51.649284,12.653918,"(51.649284, 12.653918)",51.649284/12.653918
5,2021-08-06 04:00:00,sunshine_duration_1h:min,11.4,51.649284,12.653918,"(51.649284, 12.653918)",51.649284/12.653918
5,2021-08-06 05:00:00,sunshine_duration_1h:min,48.0,51.649284,12.653918,"(51.649284, 12.653918)",51.649284/12.653918
5,2021-08-06 06:00:00,sunshine_duration_1h:min,53.5,51.649284,12.653918,"(51.649284, 12.653918)",51.649284/12.653918
5,2021-08-06 07:00:00,sunshine_duration_1h:min,21.0,51.649284,12.653918,"(51.649284, 12.653918)",51.649284/12.653918
5,2021-08-06 08:00:00,sunshine_duration_1h:min,30.9,51.649284,12.653918,"(51.649284, 12.653918)",51.649284/12.653918
5,2021-08-06 09:00:00,sunshine_duration_1h:min,51.2,51.649284,12.653918,"(51.649284, 12.653918)",51.649284/12.653918
5,2021-08-06 10:00:00,sunshine_duration_1h:min,44.3,51.649284,12.653918,"(51.649284, 12.653918)",51.649284/12.653918
5,2021-08-06 11:00:00,sunshine_duration_1h:min,44.7,51.649284,12.653918,"(51.649284, 12.653918)",51.649284/12.653918
5,2021-08-06 12:00:00,sunshine_duration_1h:min,17.3,51.649284,12.653918,"(51.649284, 12.653918)",51.649284/12.653918
5,2021-08-06 13:00:00,sunshine_duration_1h:min,8.5,51.649284,12.653918,"(51.649284, 12.653918)",51.649284/12.653918
5,2021-08-06 14:00:00,sunshine_duration_1h:min,28.8,51.649284,12.653918,"(51.649284, 12.653918)",51.649284/12.653918
5,2021-08-06 15:00:00,sunshine_duration_1h:min,1.5,51.649284,12.653918,"(51.649284, 12.653918)",51.649284/12.653918
5,2021-08-06 16:00:00,sunshine_duration_1h:min,33.5,51.649284,12.653918,"(51.649284, 12.653918)",51.649284/12.653918
5,2021-08-06 17:00:00,sunshine_duration_1h:min,14.4,51.649284,12.653918,"(51.649284, 12.653918)",51.649284/12.653918
5,2021-08-06 18:00:00,sunshine_duration_1h:min,27.5,51.649284,12.653918,"(51.649284, 12.653918)",51.649284/12.653918
5,2021-08-06 19:00:00,sunshine_duration_1h:min,22.5,51.649284,12.653918,"(51.649284, 12.653918)",51.649284/12.653918
5,2021-08-06 20:00:00,sunshine_duration_1h:min,0.0,51.649284,12.653918,"(51.649284, 12.653918)",51.649284/12.653918
5,2021-08-06 21:00:00,sunshine_duration_1h:min,0.0,51.649284,12.653918,"(51.649284, 12.653918)",51.649284/12.653918
5,2021-08-06 22:00:00,sunshine_duration_1h:min,0.0,51.649284,12.653918,"(51.649284, 12.653918)",51.649284/12.653918
5,2021-08-06 23:00:00,sunshine_duration_1h:min,0.0,51.649284,12.653918,"(51.649284, 12.653918)",51.649284/12.653918
5,2021-08-07 00:00:00,sunshine_duration_1h:min,0.0,51.649284,12.653918,"(51.649284, 12.653918)",51.649284/12.653918
5,2021-08-07 01:00:00,sunshine_duration_1h:min,0.0,51.649284,12.653918,"(51.649284, 12.653918)",51.649284/12.653918
5,2021-08-07 02:00:00,sunshine_duration_1h:min,0.0,51.649284,12.653918,"(51.649284, 12.653918)",51.649284/12.653918
5,2021-08-07 03:00:00,sunshine_duration_1h:min,0.0,51.649284,12.653918,"(51.649284, 12.653918)",51.649284/12.653918
5,2021-08-07 04:00:00,sunshine_duration_1h:min,18.3,51.649284,12.653918,"(51.649284, 12.653918)",51.649284/12.653918
5,2021-08-07 05:00:00,sunshine_duration_1h:min,56.0,51.649284,12.653918,"(51.649284, 12.653918)",51.649284/12.653918
5,2021-08-07 06:00:00,sunshine_duration_1h:min,57.7,51.649284,12.653918,"(51.649284, 12.653918)",51.649284/12.653918
5,2021-08-07 07:00:00,sunshine_duration_1h:min,58.6,51.649284,12.653918,"(51.649284, 12.653918)",51.649284/12.653918
5,2021-08-07 08:00:00,sunshine_duration_1h:min,58.1,51.649284,12.653918,"(51.649284, 12.653918)",51.649284/12.653918
5,2021-08-07 09:00:00,sunshine_duration_1h:min,49.1,51.649284,12.653918,"(51.649284, 12.653918)",51.649284/12.653918
5,2021-08-07 10:00:00,sunshine_duration_1h:min,38.0,51.649284,12.653918,"(51.649284, 12.653918)",51.649284/12.653918
5,2021-08-07 11:00:00,sunshine_duration_1h:min,37.0,51.649284,12.653918,"(51.649284, 12.653918)",51.649284/12.653918
5,2021-08-07 12:00:00,sunshine_duration_1h:min,32.2,51.649284,12.653918,"(51.649284, 12.653918)",51.649284/12.653918
5,2021-08-07 13:00:00,sunshine_duration_1h:min,34.6,51.649284,12.653918,"(51.649284, 12.653918)",51.649284/12.653918
5,2021-08-07 14:00:00,sunshine_duration_1h:min,38.6,51.649284,12.653918,"(51.649284, 12.653918)",51.649284/12.653918
5,2021-08-07 15:00:00,sunshine_duration_1h:min,45.0,51.649284,12.653918,"(51.649284, 12.653918)",51.649284/12.653918
5,2021-08-07 16:00:00,sunshine_duration_1h:min,10.4,51.649284,12.653918,"(51.649284, 12.653918)",51.649284/12.653918
5,2021-08-07 17:00:00,sunshine_duration_1h:min,1.1,51.649284,12.653918,"(51.649284, 12.653918)",51.649284/12.653918
5,2021-08-07 18:00:00,sunshine_duration_1h:min,1.1,51.649284,12.653918,"(51.649284, 12.653918)",51.649284/12.653918
5,2021-08-07 19:00:00,sunshine_duration_1h:min,12.8,51.649284,12.653918,"(51.649284, 12.653918)",51.649284/12.653918
5,2021-08-07 20:00:00,sunshine_duration_1h:min,0.0,51.649284,12.653918,"(51.649284, 12.653918)",51.649284/12.653918
5,2021-08-07 21:00:00,sunshine_duration_1h:min,0.0,51.649284,12.653918,"(51.649284, 12.653918)",51.649284/12.653918
5,2021-08-07 22:00:00,sunshine_duration_1h:min,0.0,51.649284,12.653918,"(51.649284, 12.653918)",51.649284/12.653918
5,2021-08-07 23:00:00,sunshine_duration_1h:min,0.0,51.649284,12.653918,"(51.649284, 12.653918)",51.649284/12.653918
5,2021-08-08 00:00:00,sunshine_duration_1h:min,0.0,51.649284,12.653918,"(51.649284, 12.653918)",51.649284/12.653918
6,2021-08-06 00:00:00,total_cloud_cover:p,92.1,50.204347,9.876719,"(50.204347, 9.876719)",50.204347/9.876719
6,2021-08-06 01:00:00,total_cloud_cover:p,63.4,50.204347,9.876719,"(50.204347, 9.876719)",50.204347/9.876719
6,2021-08-06 02:00:00,total_cloud_cover:p,74.6,50.204347,9.876719,"(50.204347, 9.876719)",50.204347/9.876719
6,2021-08-06 03:00:00,total_cloud_cover:p,92.4,50.204347,9.876719,"(50.204347, 9.876719)",50.204347/9.876719
6,2021-08-06 04:00:00,total_cloud_cover:p,92.2,50.204347,9.876719,"(50.204347, 9.876719)",50.204347/9.876719
6,2021-08-06 05:00:00,total_cloud_cover:p,95.1,50.204347,9.876719,"(50.204347, 9.876719)",50.204347/9.876719
6,2021-08-06 06:00:00,total_cloud_cover:p,98.8,50.204347,9.876719,"(50.204347, 9.876719)",50.204347/9.876719
6,2021-08-06 07:00:00,total_cloud_cover:p,99.6,50.204347,9.876719,"(50.204347, 9.876719)",50.204347/9.876719
6,2021-08-06 08:00:00,total_cloud_cover:p,99.7,50.204347,9.876719,"(50.204347, 9.876719)",50.204347/9.876719
6,2021-08-06 09:00:00,total_cloud_cover:p,98.3,50.204347,9.876719,"(50.204347, 9.876719)",50.204347/9.876719
6,2021-08-06 10:00:00,total_cloud_cover:p,67.3,50.204347,9.876719,"(50.204347, 9.876719)",50.204347/9.876719
6,2021-08-06 11:00:00,total_cloud_cover:p,55.3,50.204347,9.876719,"(50.204347, 9.876719)",50.204347/9.876719
6,2021-08-06 12:00:00,total_cloud_cover:p,70.2,50.204347,9.876719,"(50.204347, 9.876719)",50.204347/9.876719
6,2021-08-06 13:00:00,total_cloud_cover:p,79.3,50.204347,9.876719,"(50.204347, 9.876719)",50.204347/9.876719
6,2021-08-06 14:00:00,total_cloud_cover:p,74.7,50.204347,9.876719,"(50.204347, 9.876719)",50.204347/9.876719
6,2021-08-06 15:00:00,total_cloud_cover:p,51.6,50.204347,9.876719,"(50.204347, 9.876719)",50.204347/9.876719
6,2021-08-06 16:00:00,total_cloud_cover:p,56.2,50.204347,9.876719,"(50.204347, 9.876719)",50.204347/9.876719
6,2021-08-06 17:00:00,total_cloud_cover:p,30.3,50.204347,9.876719,"(50.204347, 9.876719)",50.204347/9.876719
6,2021-08-06 18:00:00,total_cloud_cover:p,35.3,50.204347,9.876719,"(50.204347, 9.876719)",50.204347/9.876719
6,2021-08-06 19:00:00,total_cloud_cover:p,64.3,50.204347,9.876719,"(50.204347, 9.876719)",50.204347/9.876719
6,2021-08-06 20:00:00,total_cloud_cover:p,68.3,50.204347,9.876719,"(50.204347, 9.876719)",50.204347/9.876719
6,2021-08-06 21:00:00,total_cloud_cover:p,80.0,50.204347,9.876719,"(50.204347, 9.876719)",50.204347/9.876719
6,2021-08-06 22:00:00,total_cloud_cover:p,86.3,50.204347,9.876719,"(50.204347, 9.876719)",50.204347/9.876719
6,2021-08-06 23:00:00,total_cloud_cover:p,82.1,50.204347,9.876719,"(50.204347, 9.876719)",50.204347/9.876719
6,2021-08-07 00:00:00,total_cloud_cover:p,90.6,50.204347,9.876719,"(50.204347, 9.876719)",50.204347/9.876719
6,2021-08-07 01:00:00,total_cloud_cover:p,92.6,50.204347,9.876719,"(50.204347, 9.876719)",50.204347/9.876719
6,2021-08-07 02:00:00,total_cloud_cover:p,94.2,50.204347,9.876719,"(50.204347, 9.876719)",50.204347/9.876719
6,2021-08-07 03:00:00,total_cloud_cover:p,92.7,50.204347,9.876719,"(50.204347, 9.876719)",50.204347/9.876719
6,2021-08-07 04:00:00,total_cloud_cover:p,90.7,50.204347,9.876719,"(50.204347, 9.876719)",50.204347/9.876719
6,2021-08-07 05:00:00,total_cloud_cover:p,96.4,50.204347,9.876719,"(50.204347, 9.876719)",50.204347/9.876719
6,2021-08-07 06:00:00,total_cloud_cover:p,99.4,50.204347,9.876719,"(50.204347, 9.876719)",50.204347/9.876719
6,2021-08-07 07:00:00,total_cloud_cover:p,98.7,50.204347,9.876719,"(50.204347, 9.876719)",50.204347/9.876719
6,2021-08-07 08:00:00,total_cloud_cover:p,98.8,50.204347,9.876719,"(50.204347, 9.876719)",50.204347/9.876719
6,2021-08-07 09:00:00,total_cloud_cover:p,99.3,50.204347,9.876719,"(50.204347, 9.876719)",50.204347/9.876719
6,2021-08-07 10:00:00,total_cloud_cover:p,98.9,50.204347,9.876719,"(50.204347, 9.876719)",50.204347/9.876719
6,2021-08-07 11:00:00,total_cloud_cover:p,100.0,50.204347,9.876719,"(50.204347, 9.876719)",50.204347/9.876719
6,2021-08-07 12:00:00,total_cloud_cover:p,100.0,50.204347,9.876719,"(50.204347, 9.876719)",50.204347/9.876719
6,2021-08-07 13:00:00,total_cloud_cover:p,100.0,50.204347,9.876719,"(50.204347, 9.876719)",50.204347/9.876719
6,2021-08-07 14:00:00,total_cloud_cover:p,100.0,50.204347,9.876719,"(50.204347, 9.876719)",50.204347/9.876719
6,2021-08-07 15:00:00,total_cloud_cover:p,100.0,50.204347,9.876719,"(50.204347, 9.876719)",50.204347/9.876719
6,2021-08-07 16:00:00,total_cloud_cover:p,100.0,50.204347,9.876719,"(50.204347, 9.876719)",50.204347/9.876719
6,2021-08-07 17:00:00,total_cloud_cover:p,100.0,50.204347,9.876719,"(50.204347, 9.876719)",50.204347/9.876719
6,2021-08-07 18:00:00,total_cloud_cover:p,100.0,50.204347,9.876719,"(50.204347, 9.876719)",50.204347/9.876719
6,2021-08-07 19:00:00,total_cloud_cover:p,72.0,50.204347,9.876719,"(50.204347, 9.876719)",50.204347/9.876719
6,2021-08-07 20:00:00,total_cloud_cover:p,32.8,50.204347,9.876719,"(50.204347, 9.876719)",50.204347/9.876719
6,2021-08-07 21:00:00,total_cloud_cover:p,14.8,50.204347,9.876719,"(50.204347, 9.876719)",50.204347/9.876719
6,2021-08-07 22:00:00,total_cloud_cover:p,35.8,50.204347,9.876719,"(50.204347, 9.876719)",50.204347/9.876719
6,2021-08-07 23:00:00,total_cloud_cover:p,29.4,50.204347,9.876719,"(50.204347, 9.876719)",50.204347/9.876719
6,2021-08-08 00:00:00,total_cloud_cover:p,39.0,50.204347,9.876719,"(50.204347, 9.876719)",50.204347/9.876719
7,2021-08-06 00:00:00,total_cloud_cover:p,9.1,50.204347,12.653918,"(50.204347, 12.653918)",50.204347/12.653918
7,2021-08-06 01:00:00,total_cloud_cover:p,48.7,50.204347,12.653918,"(50.204347, 12.653918)",50.204347/12.653918
7,2021-08-06 02:00:00,total_cloud_cover:p,29.2,50.204347,12.653918,"(50.204347, 12.653918)",50.204347/12.653918
7,2021-08-06 03:00:00,total_cloud_cover:p,23.5,50.204347,12.653918,"(50.204347, 12.653918)",50.204347/12.653918
7,2021-08-06 04:00:00,total_cloud_cover:p,82.3,50.204347,12.653918,"(50.204347, 12.653918)",50.204347/12.653918
7,2021-08-06 05:00:00,total_cloud_cover:p,86.2,50.204347,12.653918,"(50.204347, 12.653918)",50.204347/12.653918
7,2021-08-06 06:00:00,total_cloud_cover:p,100.0,50.204347,12.653918,"(50.204347, 12.653918)",50.204347/12.653918
7,2021-08-06 07:00:00,total_cloud_cover:p,100.0,50.204347,12.653918,"(50.204347, 12.653918)",50.204347/12.653918
7,2021-08-06 08:00:00,total_cloud_cover:p,99.5,50.204347,12.653918,"(50.204347, 12.653918)",50.204347/12.653918
7,2021-08-06 09:00:00,total_cloud_cover:p,97.3,50.204347,12.653918,"(50.204347, 12.653918)",50.204347/12.653918
7,2021-08-06 10:00:00,total_cloud_cover:p,97.4,50.204347,12.653918,"(50.204347, 12.653918)",50.204347/12.653918
7,2021-08-06 11:00:00,total_cloud_cover:p,86.6,50.204347,12.653918,"(50.204347, 12.653918)",50.204347/12.653918
7,2021-08-06 12:00:00,total_cloud_cover:p,98.2,50.204347,12.653918,"(50.204347, 12.653918)",50.204347/12.653918
7,2021-08-06 13:00:00,total_cloud_cover:p,93.5,50.204347,12.653918,"(50.204347, 12.653918)",50.204347/12.653918
7,2021-08-06 14:00:00,total_cloud_cover:p,97.7,50.204347,12.653918,"(50.204347, 12.653918)",50.204347/12.653918
7,2021-08-06 15:00:00,total_cloud_cover:p,96.6,50.204347,12.653918,"(50.204347, 12.653918)",50.204347/12.653918
7,2021-08-06 16:00:00,total_cloud_cover:p,32.0,50.204347,12.653918,"(50.204347, 12.653918)",50.204347/12.653918
7,2021-08-06 17:00:00,total_cloud_cover:p,42.8,50.204347,12.653918,"(50.204347, 12.653918)",50.204347/12.653918
7,2021-08-06 18:00:00,total_cloud_cover:p,90.5,50.204347,12.653918,"(50.204347, 12.653918)",50.204347/12.653918
7,2021-08-06 19:00:00,total_cloud_cover:p,24.8,50.204347,12.653918,"(50.204347, 12.653918)",50.204347/12.653918
7,2021-08-06 20:00:00,total_cloud_cover:p,18.4,50.204347,12.653918,"(50.204347, 12.653918)",50.204347/12.653918
7,2021-08-06 21:00:00,total_cloud_cover:p,52.3,50.204347,12.653918,"(50.204347, 12.653918)",50.204347/12.653918
7,2021-08-06 22:00:00,total_cloud_cover:p,82.2,50.204347,12.653918,"(50.204347, 12.653918)",50.204347/12.653918
7,2021-08-06 23:00:00,total_cloud_cover:p,94.3,50.204347,12.653918,"(50.204347, 12.653918)",50.204347/12.653918
7,2021-08-07 00:00:00,total_cloud_cover:p,86.8,50.204347,12.653918,"(50.204347, 12.653918)",50.204347/12.653918
7,2021-08-07 01:00:00,total_cloud_cover:p,92.1,50.204347,12.653918,"(50.204347, 12.653918)",50.204347/12.653918
7,2021-08-07 02:00:00,total_cloud_cover:p,90.7,50.204347,12.653918,"(50.204347, 12.653918)",50.204347/12.653918
7,2021-08-07 03:00:00,total_cloud_cover:p,94.1,50.204347,12.653918,"(50.204347, 12.653918)",50.204347/12.653918
7,2021-08-07 04:00:00,total_cloud_cover:p,87.5,50.204347,12.653918,"(50.204347, 12.653918)",50.204347/12.653918
7,2021-08-07 05:00:00,total_cloud_cover:p,87.0,50.204347,12.653918,"(50.204347, 12.653918)",50.204347/12.653918
7,2021-08-07 06:00:00,total_cloud_cover:p,89.9,50.204347,12.653918,"(50.204347, 12.653918)",50.204347/12.653918
7,2021-08-07 07:00:00,total_cloud_cover:p,99.7,50.204347,12.653918,"(50.204347, 12.653918)",50.204347/12.653918
7,2021-08-07 08:00:00,total_cloud_cover:p,97.0,50.204347,12.653918,"(50.204347, 12.653918)",50.204347/12.653918
7,2021-08-07 09:00:00,total_cloud_cover:p,99.5,50.204347,12.653918,"(50.204347, 12.653918)",50.204347/12.653918
7,2021-08-07 10:00:00,total_cloud_cover:p,100.0,50.204347,12.653918,"(50.204347, 12.653918)",50.204347/12.653918
7,2021-08-07 11:00:00,total_cloud_cover:p,100.0,50.204347,12.653918,"(50.204347, 12.653918)",50.204347/12.653918
7,2021-08-07 12:00:00,total_cloud_cover:p,100.0,50.204347,12.653918,"(50.204347, 12.653918)",50.204347/12.653918
7,2021-08-07 13:00:00,total_cloud_cover:p,100.0,50.204347,12.653918,"(50.204347, 12.653918)",50.204347/12.653918
7,2021-08-07 14:00:00,total_cloud_cover:p,100.0,50.204347,12.653918,"(50.204347, 12.653918)",50.204347/12.653918
7,2021-08-07 15:00:00,total_cloud_cover:p,100.0,50.204347,12.653918,"(50.204347, 12.653918)",50.204347/12.653918
7,2021-08-07 16:00:00,total_cloud_cover:p,100.0,50.204347,12.653918,"(50.204347, 12.653918)",50.204347/12.653918
7,2021-08-07 17:00:00,total_cloud_cover:p,100.0,50.204347,12.653918,"(50.204347, 12.653918)",50.204347/12.653918
7,2021-08-07 18:00:00,total_cloud_cover:p,100.0,50.204347,12.653918,"(50.204347, 12.653918)",50.204347/12.653918
7,2021-08-07 19:00:00,total_cloud_cover:p,100.0,50.204347,12.653918,"(50.204347, 12.653918)",50.204347/12.653918
7,2021-08-07 20:00:00,total_cloud_cover:p,100.0,50.204347,12.653918,"(50.204347, 12.653918)",50.204347/12.653918
7,2021-08-07 21:00:00,total_cloud_cover:p,100.0,50.204347,12.653918,"(50.204347, 12.653918)",50.204347/12.653918
7,2021-08-07 22:00:00,total_cloud_cover:p,100.0,50.204347,12.653918,"(50.204347, 12.653918)",50.204347/12.653918
7,2021-08-07 23:00:00,total_cloud_cover:p,100.0,50.204347,12.653918,"(50.204347, 12.653918)",50.204347/12.653918
7,2021-08-08 00:00:00,total_cloud_cover:p,100.0,50.204347,12.653918,"(50.204347, 12.653918)",50.204347/12.653918
8,2021-08-06 00:00:00,total_cloud_cover:p,18.1,50.926815,9.876719,"(50.926815, 9.876719)",50.926815/9.876719
8,2021-08-06 01:00:00,total_cloud_cover:p,60.2,50.926815,9.876719,"(50.926815, 9.876719)",50.926815/9.876719
8,2021-08-06 02:00:00,total_cloud_cover:p,28.3,50.926815,9.876719,"(50.926815, 9.876719)",50.926815/9.876719
8,2021-08-06 03:00:00,total_cloud_cover:p,36.7,50.926815,9.876719,"(50.926815, 9.876719)",50.926815/9.876719
8,2021-08-06 04:00:00,total_cloud_cover:p,76.4,50.926815,9.876719,"(50.926815, 9.876719)",50.926815/9.876719
8,2021-08-06 05:00:00,total_cloud_cover:p,83.2,50.926815,9.876719,"(50.926815, 9.876719)",50.926815/9.876719
8,2021-08-06 06:00:00,total_cloud_cover:p,90.8,50.926815,9.876719,"(50.926815, 9.876719)",50.926815/9.876719
8,2021-08-06 07:00:00,total_cloud_cover:p,94.8,50.926815,9.876719,"(50.926815, 9.876719)",50.926815/9.876719
8,2021-08-06 08:00:00,total_cloud_cover:p,97.9,50.926815,9.876719,"(50.926815, 9.876719)",50.926815/9.876719
8,2021-08-06 09:00:00,total_cloud_cover:p,98.9,50.926815,9.876719,"(50.926815, 9.876719)",50.926815/9.876719
8,2021-08-06 10:00:00,total_cloud_cover:p,99.8,50.926815,9.876719,"(50.926815, 9.876719)",50.926815/9.876719
8,2021-08-06 11:00:00,total_cloud_cover:p,86.8,50.926815,9.876719,"(50.926815, 9.876719)",50.926815/9.876719
8,2021-08-06 12:00:00,total_cloud_cover:p,62.5,50.926815,9.876719,"(50.926815, 9.876719)",50.926815/9.876719
8,2021-08-06 13:00:00,total_cloud_cover:p,73.3,50.926815,9.876719,"(50.926815, 9.876719)",50.926815/9.876719
8,2021-08-06 14:00:00,total_cloud_cover:p,58.1,50.926815,9.876719,"(50.926815, 9.876719)",50.926815/9.876719
8,2021-08-06 15:00:00,total_cloud_cover:p,58.0,50.926815,9.876719,"(50.926815, 9.876719)",50.926815/9.876719
8,2021-08-06 16:00:00,total_cloud_cover:p,43.7,50.926815,9.876719,"(50.926815, 9.876719)",50.926815/9.876719
8,2021-08-06 17:00:00,total_cloud_cover:p,46.0,50.926815,9.876719,"(50.926815, 9.876719)",50.926815/9.876719
8,2021-08-06 18:00:00,total_cloud_cover:p,53.4,50.926815,9.876719,"(50.926815, 9.876719)",50.926815/9.876719
8,2021-08-06 19:00:00,total_cloud_cover:p,15.9,50.926815,9.876719,"(50.926815, 9.876719)",50.926815/9.876719
8,2021-08-06 20:00:00,total_cloud_cover:p,20.7,50.926815,9.876719,"(50.926815, 9.876719)",50.926815/9.876719
8,2021-08-06 21:00:00,total_cloud_cover:p,24.3,50.926815,9.876719,"(50.926815, 9.876719)",50.926815/9.876719
8,2021-08-06 22:00:00,total_cloud_cover:p,31.7,50.926815,9.876719,"(50.926815, 9.876719)",50.926815/9.876719
8,2021-08-06 23:00:00,total_cloud_cover:p,63.1,50.926815,9.876719,"(50.926815, 9.876719)",50.926815/9.876719
8,2021-08-07 00:00:00,total_cloud_cover:p,64.6,50.926815,9.876719,"(50.926815, 9.876719)",50.926815/9.876719
8,2021-08-07 01:00:00,total_cloud_cover:p,67.0,50.926815,9.876719,"(50.926815, 9.876719)",50.926815/9.876719
8,2021-08-07 02:00:00,total_cloud_cover:p,80.7,50.926815,9.876719,"(50.926815, 9.876719)",50.926815/9.876719
8,2021-08-07 03:00:00,total_cloud_cover:p,87.1,50.926815,9.876719,"(50.926815, 9.876719)",50.926815/9.876719
8,2021-08-07 04:00:00,total_cloud_cover:p,73.6,50.926815,9.876719,"(50.926815, 9.876719)",50.926815/9.876719
8,2021-08-07 05:00:00,total_cloud_cover:p,88.9,50.926815,9.876719,"(50.926815, 9.876719)",50.926815/9.876719
8,2021-08-07 06:00:00,total_cloud_cover:p,94.6,50.926815,9.876719,"(50.926815, 9.876719)",50.926815/9.876719
8,2021-08-07 07:00:00,total_cloud_cover:p,99.5,50.926815,9.876719,"(50.926815, 9.876719)",50.926815/9.876719
8,2021-08-07 08:00:00,total_cloud_cover:p,100.0,50.926815,9.876719,"(50.926815, 9.876719)",50.926815/9.876719
8,2021-08-07 09:00:00,total_cloud_cover:p,99.2,50.926815,9.876719,"(50.926815, 9.876719)",50.926815/9.876719
8,2021-08-07 10:00:00,total_cloud_cover:p,98.9,50.926815,9.876719,"(50.926815, 9.876719)",50.926815/9.876719
8,2021-08-07 11:00:00,total_cloud_cover:p,99.7,50.926815,9.876719,"(50.926815, 9.876719)",50.926815/9.876719
8,2021-08-07 12:00:00,total_cloud_cover:p,100.0,50.926815,9.876719,"(50.926815, 9.876719)",50.926815/9.876719
8,2021-08-07 13:00:00,total_cloud_cover:p,100.0,50.926815,9.876719,"(50.926815, 9.876719)",50.926815/9.876719
8,2021-08-07 14:00:00,total_cloud_cover:p,100.0,50.926815,9.876719,"(50.926815, 9.876719)",50.926815/9.876719
8,2021-08-07 15:00:00,total_cloud_cover:p,100.0,50.926815,9.876719,"(50.926815, 9.876719)",50.926815/9.876719
8,2021-08-07 16:00:00,total_cloud_cover:p,100.0,50.926815,9.876719,"(50.926815, 9.876719)",50.926815/9.876719
8,2021-08-07 17:00:00,total_cloud_cover:p,99.1,50.926815,9.876719,"(50.926815, 9.876719)",50.926815/9.876719
8,2021-08-07 18:00:00,total_cloud_cover:p,95.8,50.926815,9.876719,"(50.926815, 9.876719)",50.926815/9.876719
8,2021-08-07 19:00:00,total_cloud_cover:p,32.6,50.926815,9.876719,"(50.926815, 9.876719)",50.926815/9.876719
8,2021-08-07 20:00:00,total_cloud_cover:p,10.3,50.926815,9.876719,"(50.926815, 9.876719)",50.926815/9.876719
8,2021-08-07 21:00:00,total_cloud_cover:p,17.8,50.926815,9.876719,"(50.926815, 9.876719)",50.926815/9.876719
8,2021-08-07 22:00:00,total_cloud_cover:p,65.8,50.926815,9.876719,"(50.926815, 9.876719)",50.926815/9.876719
8,2021-08-07 23:00:00,total_cloud_cover:p,67.5,50.926815,9.876719,"(50.926815, 9.876719)",50.926815/9.876719
8,2021-08-08 00:00:00,total_cloud_cover:p,91.9,50.926815,9.876719,"(50.926815, 9.876719)",50.926815/9.876719
9,2021-08-06 00:00:00,total_cloud_cover:p,22.7,50.926815,12.653918,"(50.926815, 12.653918)",50.926815/12.653918
9,2021-08-06 01:00:00,total_cloud_cover:p,40.7,50.926815,12.653918,"(50.926815, 12.653918)",50.926815/12.653918
9,2021-08-06 02:00:00,total_cloud_cover:p,34.8,50.926815,12.653918,"(50.926815, 12.653918)",50.926815/12.653918
9,2021-08-06 03:00:00,total_cloud_cover:p,16.6,50.926815,12.653918,"(50.926815, 12.653918)",50.926815/12.653918
9,2021-08-06 04:00:00,total_cloud_cover:p,10.4,50.926815,12.653918,"(50.926815, 12.653918)",50.926815/12.653918
9,2021-08-06 05:00:00,total_cloud_cover:p,18.9,50.926815,12.653918,"(50.926815, 12.653918)",50.926815/12.653918
9,2021-08-06 06:00:00,total_cloud_cover:p,24.9,50.926815,12.653918,"(50.926815, 12.653918)",50.926815/12.653918
9,2021-08-06 07:00:00,total_cloud_cover:p,6.1,50.926815,12.653918,"(50.926815, 12.653918)",50.926815/12.653918
9,2021-08-06 08:00:00,total_cloud_cover:p,14.6,50.926815,12.653918,"(50.926815, 12.653918)",50.926815/12.653918
9,2021-08-06 09:00:00,total_cloud_cover:p,62.0,50.926815,12.653918,"(50.926815, 12.653918)",50.926815/12.653918
9,2021-08-06 10:00:00,total_cloud_cover:p,95.3,50.926815,12.653918,"(50.926815, 12.653918)",50.926815/12.653918
9,2021-08-06 11:00:00,total_cloud_cover:p,79.0,50.926815,12.653918,"(50.926815, 12.653918)",50.926815/12.653918
9,2021-08-06 12:00:00,total_cloud_cover:p,75.1,50.926815,12.653918,"(50.926815, 12.653918)",50.926815/12.653918
9,2021-08-06 13:00:00,total_cloud_cover:p,99.6,50.926815,12.653918,"(50.926815, 12.653918)",50.926815/12.653918
9,2021-08-06 14:00:00,total_cloud_cover:p,88.7,50.926815,12.653918,"(50.926815, 12.653918)",50.926815/12.653918
9,2021-08-06 15:00:00,total_cloud_cover:p,81.8,50.926815,12.653918,"(50.926815, 12.653918)",50.926815/12.653918
9,2021-08-06 16:00:00,total_cloud_cover:p,63.1,50.926815,12.653918,"(50.926815, 12.653918)",50.926815/12.653918
9,2021-08-06 17:00:00,total_cloud_cover:p,37.9,50.926815,12.653918,"(50.926815, 12.653918)",50.926815/12.653918
9,2021-08-06 18:00:00,total_cloud_cover:p,38.5,50.926815,12.653918,"(50.926815, 12.653918)",50.926815/12.653918
9,2021-08-06 19:00:00,total_cloud_cover:p,46.5,50.926815,12.653918,"(50.926815, 12.653918)",50.926815/12.653918
9,2021-08-06 20:00:00,total_cloud_cover:p,27.0,50.926815,12.653918,"(50.926815, 12.653918)",50.926815/12.653918
9,2021-08-06 21:00:00,total_cloud_cover:p,18.0,50.926815,12.653918,"(50.926815, 12.653918)",50.926815/12.653918
9,2021-08-06 22:00:00,total_cloud_cover:p,3.9,50.926815,12.653918,"(50.926815, 12.653918)",50.926815/12.653918
9,2021-08-06 23:00:00,total_cloud_cover:p,22.0,50.926815,12.653918,"(50.926815, 12.653918)",50.926815/12.653918
9,2021-08-07 00:00:00,total_cloud_cover:p,69.0,50.926815,12.653918,"(50.926815, 12.653918)",50.926815/12.653918
9,2021-08-07 01:00:00,total_cloud_cover:p,89.6,50.926815,12.653918,"(50.926815, 12.653918)",50.926815/12.653918
9,2021-08-07 02:00:00,total_cloud_cover:p,89.6,50.926815,12.653918,"(50.926815, 12.653918)",50.926815/12.653918
9,2021-08-07 03:00:00,total_cloud_cover:p,96.4,50.926815,12.653918,"(50.926815, 12.653918)",50.926815/12.653918
9,2021-08-07 04:00:00,total_cloud_cover:p,92.3,50.926815,12.653918,"(50.926815, 12.653918)",50.926815/12.653918
9,2021-08-07 05:00:00,total_cloud_cover:p,88.7,50.926815,12.653918,"(50.926815, 12.653918)",50.926815/12.653918
9,2021-08-07 06:00:00,total_cloud_cover:p,90.3,50.926815,12.653918,"(50.926815, 12.653918)",50.926815/12.653918
9,2021-08-07 07:00:00,total_cloud_cover:p,93.5,50.926815,12.653918,"(50.926815, 12.653918)",50.926815/12.653918
9,2021-08-07 08:00:00,total_cloud_cover:p,98.1,50.926815,12.653918,"(50.926815, 12.653918)",50.926815/12.653918
9,2021-08-07 09:00:00,total_cloud_cover:p,97.0,50.926815,12.653918,"(50.926815, 12.653918)",50.926815/12.653918
9,2021-08-07 10:00:00,total_cloud_cover:p,98.7,50.926815,12.653918,"(50.926815, 12.653918)",50.926815/12.653918
9,2021-08-07 11:00:00,total_cloud_cover:p,98.9,50.926815,12.653918,"(50.926815, 12.653918)",50.926815/12.653918
9,2021-08-07 12:00:00,total_cloud_cover:p,99.6,50.926815,12.653918,"(50.926815, 12.653918)",50.926815/12.653918
9,2021-08-07 13:00:00,total_cloud_cover:p,100.0,50.926815,12.653918,"(50.926815, 12.653918)",50.926815/12.653918
9,2021-08-07 14:00:00,total_cloud_cover:p,100.0,50.926815,12.653918,"(50.926815, 12.653918)",50.926815/12.653918
9,2021-08-07 15:00:00,total_cloud_cover:p,100.0,50.926815,12.653918,"(50.926815, 12.653918)",50.926815/12.653918
9,2021-08-07 16:00:00,total_cloud_cover:p,100.0,50.926815,12.653918,"(50.926815, 12.653918)",50.926815/12.653918
9,2021-08-07 17:00:00,total_cloud_cover:p,100.0,50.926815,12.653918,"(50.926815, 12.653918)",50.926815/12.653918
9,2021-08-07 18:00:00,total_cloud_cover:p,100.0,50.926815,12.653918,"(50.926815, 12.653918)",50.926815/12.653918
9,2021-08-07 19:00:00,total_cloud_cover:p,100.0,50.926815,12.653918,"(50.926815, 12.653918)",50.926815/12.653918
9,2021-08-07 20:00:00,total_cloud_cover:p,99.8,50.926815,12.653918,"(50.926815, 12.653918)",50.926815/12.653918
9,2021-08-07 21:00:00,total_cloud_cover:p,100.0,50.926815,12.653918,"(50.926815, 12.653918)",50.926815/12.653918
9,2021-08-07 22:00:00,total_cloud_cover:p,99.7,50.926815,12.653918,"(50.926815, 12.653918)",50.926815/12.653918
9,2021-08-07 23:00:00,total_cloud_cover:p,100.0,50.926815,12.653918,"(50.926815, 12.653918)",50.926815/12.653918
9,2021-08-08 00:00:00,total_cloud_cover:p,100.0,50.926815,12.653918,"(50.926815, 12.653918)",50.926815/12.653918
10,2021-08-06 00:00:00,total_cloud_cover:p,10.0,51.649284,9.876719,"(51.649284, 9.876719)",51.649284/9.876719
10,2021-08-06 01:00:00,total_cloud_cover:p,23.6,51.649284,9.876719,"(51.649284, 9.876719)",51.649284/9.876719
10,2021-08-06 02:00:00,total_cloud_cover:p,15.3,51.649284,9.876719,"(51.649284, 9.876719)",51.649284/9.876719
10,2021-08-06 03:00:00,total_cloud_cover:p,40.2,51.649284,9.876719,"(51.649284, 9.876719)",51.649284/9.876719
10,2021-08-06 04:00:00,total_cloud_cover:p,57.6,51.649284,9.876719,"(51.649284, 9.876719)",51.649284/9.876719
10,2021-08-06 05:00:00,total_cloud_cover:p,57.3,51.649284,9.876719,"(51.649284, 9.876719)",51.649284/9.876719
10,2021-08-06 06:00:00,total_cloud_cover:p,85.7,51.649284,9.876719,"(51.649284, 9.876719)",51.649284/9.876719
10,2021-08-06 07:00:00,total_cloud_cover:p,94.6,51.649284,9.876719,"(51.649284, 9.876719)",51.649284/9.876719
10,2021-08-06 08:00:00,total_cloud_cover:p,81.6,51.649284,9.876719,"(51.649284, 9.876719)",51.649284/9.876719
10,2021-08-06 09:00:00,total_cloud_cover:p,82.9,51.649284,9.876719,"(51.649284, 9.876719)",51.649284/9.876719
10,2021-08-06 10:00:00,total_cloud_cover:p,91.7,51.649284,9.876719,"(51.649284, 9.876719)",51.649284/9.876719
10,2021-08-06 11:00:00,total_cloud_cover:p,99.7,51.649284,9.876719,"(51.649284, 9.876719)",51.649284/9.876719
10,2021-08-06 12:00:00,total_cloud_cover:p,60.8,51.649284,9.876719,"(51.649284, 9.876719)",51.649284/9.876719
10,2021-08-06 13:00:00,total_cloud_cover:p,96.4,51.649284,9.876719,"(51.649284, 9.876719)",51.649284/9.876719
10,2021-08-06 14:00:00,total_cloud_cover:p,70.1,51.649284,9.876719,"(51.649284, 9.876719)",51.649284/9.876719
10,2021-08-06 15:00:00,total_cloud_cover:p,79.0,51.649284,9.876719,"(51.649284, 9.876719)",51.649284/9.876719
10,2021-08-06 16:00:00,total_cloud_cover:p,74.4,51.649284,9.876719,"(51.649284, 9.876719)",51.649284/9.876719
10,2021-08-06 17:00:00,total_cloud_cover:p,62.9,51.649284,9.876719,"(51.649284, 9.876719)",51.649284/9.876719
10,2021-08-06 18:00:00,total_cloud_cover:p,55.4,51.649284,9.876719,"(51.649284, 9.876719)",51.649284/9.876719
10,2021-08-06 19:00:00,total_cloud_cover:p,18.6,51.649284,9.876719,"(51.649284, 9.876719)",51.649284/9.876719
10,2021-08-06 20:00:00,total_cloud_cover:p,3.5,51.649284,9.876719,"(51.649284, 9.876719)",51.649284/9.876719
10,2021-08-06 21:00:00,total_cloud_cover:p,4.3,51.649284,9.876719,"(51.649284, 9.876719)",51.649284/9.876719
10,2021-08-06 22:00:00,total_cloud_cover:p,18.0,51.649284,9.876719,"(51.649284, 9.876719)",51.649284/9.876719
10,2021-08-06 23:00:00,total_cloud_cover:p,20.6,51.649284,9.876719,"(51.649284, 9.876719)",51.649284/9.876719
10,2021-08-07 00:00:00,total_cloud_cover:p,19.1,51.649284,9.876719,"(51.649284, 9.876719)",51.649284/9.876719
10,2021-08-07 01:00:00,total_cloud_cover:p,37.1,51.649284,9.876719,"(51.649284, 9.876719)",51.649284/9.876719
10,2021-08-07 02:00:00,total_cloud_cover:p,31.3,51.649284,9.876719,"(51.649284, 9.876719)",51.649284/9.876719
10,2021-08-07 03:00:00,total_cloud_cover:p,29.8,51.649284,9.876719,"(51.649284, 9.876719)",51.649284/9.876719
10,2021-08-07 04:00:00,total_cloud_cover:p,17.2,51.649284,9.876719,"(51.649284, 9.876719)",51.649284/9.876719
10,2021-08-07 05:00:00,total_cloud_cover:p,29.3,51.649284,9.876719,"(51.649284, 9.876719)",51.649284/9.876719
10,2021-08-07 06:00:00,total_cloud_cover:p,25.7,51.649284,9.876719,"(51.649284, 9.876719)",51.649284/9.876719
10,2021-08-07 07:00:00,total_cloud_cover:p,86.7,51.649284,9.876719,"(51.649284, 9.876719)",51.649284/9.876719
10,2021-08-07 08:00:00,total_cloud_cover:p,97.8,51.649284,9.876719,"(51.649284, 9.876719)",51.649284/9.876719
10,2021-08-07 09:00:00,total_cloud_cover:p,98.7,51.649284,9.876719,"(51.649284, 9.876719)",51.649284/9.876719
10,2021-08-07 10:00:00,total_cloud_cover:p,98.5,51.649284,9.876719,"(51.649284, 9.876719)",51.649284/9.876719
10,2021-08-07 11:00:00,total_cloud_cover:p,97.2,51.649284,9.876719,"(51.649284, 9.876719)",51.649284/9.876719
10,2021-08-07 12:00:00,total_cloud_cover:p,99.4,51.649284,9.876719,"(51.649284, 9.876719)",51.649284/9.876719
10,2021-08-07 13:00:00,total_cloud_cover:p,100.0,51.649284,9.876719,"(51.649284, 9.876719)",51.649284/9.876719
10,2021-08-07 14:00:00,total_cloud_cover:p,100.0,51.649284,9.876719,"(51.649284, 9.876719)",51.649284/9.876719
10,2021-08-07 15:00:00,total_cloud_cover:p,100.0,51.649284,9.876719,"(51.649284, 9.876719)",51.649284/9.876719
10,2021-08-07 16:00:00,total_cloud_cover:p,100.0,51.649284,9.876719,"(51.649284, 9.876719)",51.649284/9.876719
10,2021-08-07 17:00:00,total_cloud_cover:p,45.8,51.649284,9.876719,"(51.649284, 9.876719)",51.649284/9.876719
10,2021-08-07 18:00:00,total_cloud_cover:p,49.2,51.649284,9.876719,"(51.649284, 9.876719)",51.649284/9.876719
10,2021-08-07 19:00:00,total_cloud_cover:p,38.0,51.649284,9.876719,"(51.649284, 9.876719)",51.649284/9.876719
10,2021-08-07 20:00:00,total_cloud_cover:p,53.3,51.649284,9.876719,"(51.649284, 9.876719)",51.649284/9.876719
10,2021-08-07 21:00:00,total_cloud_cover:p,11.7,51.649284,9.876719,"(51.649284, 9.876719)",51.649284/9.876719
10,2021-08-07 22:00:00,total_cloud_cover:p,15.3,51.649284,9.876719,"(51.649284, 9.876719)",51.649284/9.876719
10,2021-08-07 23:00:00,total_cloud_cover:p,10.0,51.649284,9.876719,"(51.649284, 9.876719)",51.649284/9.876719
10,2021-08-08 00:00:00,total_cloud_cover:p,23.5,51.649284,9.876719,"(51.649284, 9.876719)",51.649284/9.876719
11,2021-08-06 00:00:00,total_cloud_cover:p,98.6,51.649284,12.653918,"(51.649284, 12.653918)",51.649284/12.653918
11,2021-08-06 01:00:00,total_cloud_cover:p,92.2,51.649284,12.653918,"(51.649284, 12.653918)",51.649284/12.653918
11,2021-08-06 02:00:00,total_cloud_cover:p,97.3,51.649284,12.653918,"(51.649284, 12.653918)",51.649284/12.653918
11,2021-08-06 03:00:00,total_cloud_cover:p,93.2,51.649284,12.653918,"(51.649284, 12.653918)",51.649284/12.653918
11,2021-08-06 04:00:00,total_cloud_cover:p,47.5,51.649284,12.653918,"(51.649284, 12.653918)",51.649284/12.653918
11,2021-08-06 05:00:00,total_cloud_cover:p,24.8,51.649284,12.653918,"(51.649284, 12.653918)",51.649284/12.653918
11,2021-08-06 06:00:00,total_cloud_cover:p,15.0,51.649284,12.653918,"(51.649284, 12.653918)",51.649284/12.653918
11,2021-08-06 07:00:00,total_cloud_cover:p,70.2,51.649284,12.653918,"(51.649284, 12.653918)",51.649284/12.653918
11,2021-08-06 08:00:00,total_cloud_cover:p,54.7,51.649284,12.653918,"(51.649284, 12.653918)",51.649284/12.653918
11,2021-08-06 09:00:00,total_cloud_cover:p,26.4,51.649284,12.653918,"(51.649284, 12.653918)",51.649284/12.653918
11,2021-08-06 10:00:00,total_cloud_cover:p,40.8,51.649284,12.653918,"(51.649284, 12.653918)",51.649284/12.653918
11,2021-08-06 11:00:00,total_cloud_cover:p,46.3,51.649284,12.653918,"(51.649284, 12.653918)",51.649284/12.653918
11,2021-08-06 12:00:00,total_cloud_cover:p,84.3,51.649284,12.653918,"(51.649284, 12.653918)",51.649284/12.653918
11,2021-08-06 13:00:00,total_cloud_cover:p,95.1,51.649284,12.653918,"(51.649284, 12.653918)",51.649284/12.653918
11,2021-08-06 14:00:00,total_cloud_cover:p,92.0,51.649284,12.653918,"(51.649284, 12.653918)",51.649284/12.653918
11,2021-08-06 15:00:00,total_cloud_cover:p,98.9,51.649284,12.653918,"(51.649284, 12.653918)",51.649284/12.653918
11,2021-08-06 16:00:00,total_cloud_cover:p,67.3,51.649284,12.653918,"(51.649284, 12.653918)",51.649284/12.653918
11,2021-08-06 17:00:00,total_cloud_cover:p,87.4,51.649284,12.653918,"(51.649284, 12.653918)",51.649284/12.653918
11,2021-08-06 18:00:00,total_cloud_cover:p,69.0,51.649284,12.653918,"(51.649284, 12.653918)",51.649284/12.653918
11,2021-08-06 19:00:00,total_cloud_cover:p,73.1,51.649284,12.653918,"(51.649284, 12.653918)",51.649284/12.653918
11,2021-08-06 20:00:00,total_cloud_cover:p,55.2,51.649284,12.653918,"(51.649284, 12.653918)",51.649284/12.653918
11,2021-08-06 21:00:00,total_cloud_cover:p,34.1,51.649284,12.653918,"(51.649284, 12.653918)",51.649284/12.653918
11,2021-08-06 22:00:00,total_cloud_cover:p,13.4,51.649284,12.653918,"(51.649284, 12.653918)",51.649284/12.653918
11,2021-08-06 23:00:00,total_cloud_cover:p,9.3,51.649284,12.653918,"(51.649284, 12.653918)",51.649284/12.653918
11,2021-08-07 00:00:00,total_cloud_cover:p,2.5,51.649284,12.653918,"(51.649284, 12.653918)",51.649284/12.653918
11,2021-08-07 01:00:00,total_cloud_cover:p,28.4,51.649284,12.653918,"(51.649284, 12.653918)",51.649284/12.653918
11,2021-08-07 02:00:00,total_cloud_cover:p,34.9,51.649284,12.653918,"(51.649284, 12.653918)",51.649284/12.653918
11,2021-08-07 03:00:00,total_cloud_cover:p,19.8,51.649284,12.653918,"(51.649284, 12.653918)",51.649284/12.653918
11,2021-08-07 04:00:00,total_cloud_cover:p,34.1,51.649284,12.653918,"(51.649284, 12.653918)",51.649284/12.653918
11,2021-08-07 05:00:00,total_cloud_cover:p,13.7,51.649284,12.653918,"(51.649284, 12.653918)",51.649284/12.653918
11,2021-08-07 06:00:00,total_cloud_cover:p,83.8,51.649284,12.653918,"(51.649284, 12.653918)",51.649284/12.653918
11,2021-08-07 07:00:00,total_cloud_cover:p,94.3,51.649284,12.653918,"(51.649284, 12.653918)",51.649284/12.653918
11,2021-08-07 08:00:00,total_cloud_cover:p,98.1,51.649284,12.653918,"(51.649284, 12.653918)",51.649284/12.653918
11,2021-08-07 09:00:00,total_cloud_cover:p,100.0,51.649284,12.653918,"(51.649284, 12.653918)",51.649284/12.653918
11,2021-08-07 10:00:00,total_cloud_cover:p,98.9,51.649284,12.653918,"(51.649284, 12.653918)",51.649284/12.653918
11,2021-08-07 11:00:00,total_cloud_cover:p,99.1,51.649284,12.653918,"(51.649284, 12.653918)",51.649284/12.653918
11,2021-08-07 12:00:00,total_cloud_cover:p,98.1,51.649284,12.653918,"(51.649284, 12.653918)",51.649284/12.653918
11,2021-08-07 13:00:00,total_cloud_cover:p,100.0,51.649284,12.653918,"(51.649284, 12.653918)",51.649284/12.653918
11,2021-08-07 14:00:00,total_cloud_cover:p,100.0,51.649284,12.653918,"(51.649284, 12.653918)",51.649284/12.653918
11,2021-08-07 15:00:00,total_cloud_cover:p,100.0,51.649284,12.653918,"(51.649284, 12.653918)",51.649284/12.653918
11,2021-08-07 16:00:00,total_cloud_cover:p,100.0,51.649284,12.653918,"(51.649284, 12.653918)",51.649284/12.653918
11,2021-08-07 17:00:00,total_cloud_cover:p,100.0,51.649284,12.653918,"(51.649284, 12.653918)",51.649284/12.653918
11,2021-08-07 18:00:00,total_cloud_cover:p,100.0,51.649284,12.653918,"(51.649284, 12.653918)",51.649284/12.653918
11,2021-08-07 19:00:00,total_cloud_cover:p,100.0,51.649284,12.653918,"(51.649284, 12.653918)",51.649284/12.653918
11,2021-08-07 20:00:00,total_cloud_cover:p,100.0,51.649284,12.653918,"(51.649284, 12.653918)",51.649284/12.653918
11,2021-08-07 21:00:00,total_cloud_cover:p,100.0,51.649284,12.653918,"(51.649284, 12.653918)",51.649284/12.653918
11,2021-08-07 22:00:00,total_cloud_cover:p,100.0,51.649284,12.653918,"(51.649284, 12.653918)",51.649284/12.653918
11,2021-08-07 23:00:00,total_cloud_cover:p,99.2,51.649284,12.653918,"(51.649284, 12.653918)",51.649284/12.653918
11,2021-08-08 00:00:00,total_cloud_cover:p,98.8,51.649284,12.653918,"(51.649284, 12.653918)",51.649284/12.653918
